acc_fold_0,acc_fold_1,acc_fold_2,acc_fold_3,acc_fold_4,acc_fold_5,acc_fold_6,acc_fold_7,acc_fold_8,acc_fold_9,time_fold_0,time_fold_1,time_fold_2,time_fold_3,time_fold_4,time_fold_5,time_fold_6,time_fold_7,time_fold_8,time_fold_9,mean_exec_time,sd_exec_time,mean_accuracie,sd_accuracie,mean_kappa,sd_kappa,mean_balanced_accuracie,sd_balanced_accuracie,mean_macro_precision,sd_macro_precision,mean_macro_recall,sd_macro_recall,n_neighbors,weights,metric,voting
0.8352,0.8312,0.838,0.8308,0.8351,0.8345,0.8305,0.8345,0.8371,0.8266,42.8506,45.5806,42.5494,44.5303,42.3424,43.0778,42.6454,42.7826,42.9247,42.3742,43.1658,0.998,0.8334,0.0033,0.5256,0.0088,0.7832,0.006,0.7476,0.0041,0.7832,0.006,25,info_gain,euclidean,majority
0.8352,0.8294,0.8356,0.8305,0.8344,0.8334,0.8327,0.8368,0.8327,0.8257,41.7978,30.2701,30.0089,30.2227,30.0037,30.2097,29.8332,30.0014,29.9673,29.9309,31.2246,3.5269,0.8326,0.0031,0.5182,0.0097,0.7842,0.0053,0.7414,0.0052,0.7842,0.0053,50,info_gain,euclidean,majority
0.7929,0.795,0.791,0.7841,0.786,0.7893,0.7928,0.791,0.7949,0.7862,41.7909,29.9133,29.4848,29.6418,29.2968,29.7791,29.6209,29.569,29.6875,29.5501,30.8334,3.6559,0.7903,0.0036,0.4333,0.0079,0.7184,0.0045,0.715,0.0039,0.7184,0.0045,1,info_gain,euclidean,majority
0.8173,0.8135,0.8114,0.8162,0.8109,0.819,0.8094,0.8186,0.8181,0.8073,41.4014,29.5642,29.4223,29.7034,29.4853,29.6239,29.5803,29.6533,29.6098,29.567,30.7611,3.5476,0.8142,0.004,0.4845,0.0085,0.7519,0.0056,0.7342,0.0046,0.7519,0.0056,3,info_gain,euclidean,majority
0.8191,0.8215,0.8201,0.8226,0.8193,0.828,0.8167,0.8202,0.8225,0.8124,41.3693,29.6627,29.4855,29.6679,29.3537,29.708,29.4911,29.4427,29.6834,29.5314,30.7396,3.545,0.8202,0.0038,0.4962,0.0104,0.7614,0.0057,0.7375,0.0055,0.7614,0.0057,5,info_gain,euclidean,majority
0.8229,0.8235,0.8221,0.825,0.8262,0.8306,0.8234,0.8235,0.8243,0.8197,41.3125,29.6003,29.5247,29.5179,29.3918,29.7194,29.4154,29.4523,29.472,29.37,30.6776,3.5464,0.8241,0.0027,0.5043,0.0088,0.7677,0.0041,0.74,0.0052,0.7677,0.0041,7,info_gain,euclidean,majority
0.8321,0.8316,0.8365,0.8325,0.8338,0.8321,0.8262,0.8292,0.836,0.8237,41.2475,29.7449,29.5866,29.4857,29.3626,29.5921,29.4093,29.5513,29.5336,29.4527,30.6966,3.5184,0.8314,0.0038,0.5224,0.0118,0.7794,0.0065,0.7474,0.0064,0.7794,0.0065,15,info_gain,euclidean,majority
0.7929,0.795,0.791,0.7841,0.786,0.7893,0.7928,0.791,0.7949,0.7862,41.4628,29.4789,29.4278,29.6772,29.5418,29.7989,29.5736,29.7385,29.751,29.6887,30.8139,3.5515,0.7903,0.0036,0.4333,0.0079,0.7184,0.0045,0.715,0.0039,0.7184,0.0045,1,info_gain,euclidean,inverse_distance
0.7935,0.7886,0.8099,0.8126,0.8098,0.8194,0.807,0.8058,0.8183,0.7862,41.532,29.8341,29.6825,29.8503,29.6107,29.929,29.549,29.7148,29.6099,29.5764,30.8889,3.5498,0.8051,0.0112,0.4669,0.0215,0.741,0.0145,0.729,0.0149,0.741,0.0145,3,info_gain,euclidean,inverse_distance
0.8043,0.8102,0.8179,0.8177,0.8211,0.8262,0.8127,0.8042,0.8203,0.8057,41.4246,29.6597,29.5777,29.6897,29.459,29.7297,29.4573,29.6237,29.6549,29.5165,30.7793,3.5495,0.814,0.0074,0.481,0.0222,0.7522,0.0114,0.7312,0.0123,0.7522,0.0114,5,info_gain,euclidean,inverse_distance
0.7986,0.806,0.8165,0.8215,0.8269,0.8273,0.8138,0.8129,0.8225,0.8006,41.3989,29.6368,29.499,29.7091,29.416,29.7858,29.3469,29.5351,29.5549,29.573,30.7455,3.5532,0.8147,0.0098,0.4819,0.0218,0.7543,0.0156,0.7312,0.0112,0.7543,0.0156,7,info_gain,euclidean,inverse_distance
0.8034,0.8171,0.8287,0.8285,0.8333,0.8299,0.818,0.806,0.8316,0.8075,41.4112,29.6389,29.4671,29.7021,29.4759,29.7086,29.4884,29.6387,29.6192,29.5581,30.7708,3.5478,0.8204,0.0109,0.4951,0.0313,0.7628,0.0175,0.7363,0.0164,0.7628,0.0175,15,info_gain,euclidean,inverse_distance
0.8098,0.8168,0.8287,0.8288,0.8344,0.8284,0.8185,0.8051,0.8338,0.8108,41.449,29.6845,29.5479,29.6431,29.4703,29.6977,29.4787,29.5788,29.6212,29.5464,30.7718,3.5599,0.8215,0.0101,0.496,0.0311,0.7648,0.0165,0.7358,0.017,0.7648,0.0165,25,info_gain,euclidean,inverse_distance
0.8052,0.8142,0.8307,0.8279,0.8327,0.8291,0.816,0.8038,0.8307,0.8113,41.4635,29.6869,29.5439,29.6855,29.4636,29.7284,29.6337,29.7272,29.8411,29.7253,30.8499,3.5393,0.8202,0.0107,0.4904,0.0307,0.7633,0.0179,0.7323,0.0161,0.7633,0.0179,50,info_gain,euclidean,inverse_distance
0.7929,0.795,0.791,0.7841,0.786,0.7893,0.7928,0.791,0.7949,0.7862,41.7212,29.7142,29.522,29.598,29.4694,29.6999,29.4637,29.5564,29.6845,29.482,30.7911,3.6445,0.7903,0.0036,0.4333,0.0079,0.7184,0.0045,0.715,0.0039,0.7184,0.0045,1,info_gain,euclidean,shepards
0.8173,0.8135,0.8114,0.8162,0.8109,0.819,0.8094,0.8186,0.8181,0.8073,41.3489,29.6791,29.4817,29.6012,29.5226,29.7093,29.4322,29.538,29.6197,29.5925,30.7525,3.533,0.8142,0.004,0.4845,0.0085,0.7519,0.0056,0.7342,0.0046,0.7519,0.0056,3,info_gain,euclidean,shepards
0.8195,0.8208,0.8201,0.8226,0.8193,0.8277,0.8165,0.8186,0.8225,0.8095,41.3641,29.666,29.5006,29.6085,29.4556,29.7205,29.3557,29.5715,29.6203,29.5324,30.7395,3.5429,0.8197,0.0044,0.4934,0.0157,0.7611,0.0068,0.7357,0.0106,0.7611,0.0068,5,info_gain,euclidean,shepards
0.8165,0.8221,0.8212,0.8252,0.826,0.8306,0.8211,0.8197,0.8243,0.8117,41.4581,29.6505,29.4829,29.6915,29.4483,29.7449,29.487,29.6312,29.6937,29.5012,30.7789,3.5611,0.8218,0.005,0.5001,0.0153,0.7645,0.0083,0.7392,0.0108,0.7645,0.0083,7,info_gain,euclidean,shepards
0.8279,0.8294,0.834,0.833,0.834,0.8323,0.8269,0.8266,0.8362,0.8246,41.3909,29.6638,29.5665,29.6258,29.549,29.7467,29.5043,29.5961,29.7011,29.575,30.7919,3.5337,0.8305,0.0037,0.5185,0.0144,0.7785,0.0063,0.7449,0.009,0.7785,0.0063,15,info_gain,euclidean,shepards
0.8315,0.8305,0.8356,0.8308,0.8353,0.8328,0.8296,0.823,0.8369,0.8268,41.4814,29.5236,29.5798,29.6945,29.5539,29.6805,29.5261,29.6655,29.8649,29.4834,30.8054,3.5603,0.8313,0.004,0.5196,0.0151,0.78,0.0066,0.7449,0.0091,0.78,0.0066,25,info_gain,euclidean,shepards
0.8341,0.833,0.8336,0.8303,0.8358,0.8339,0.8302,0.829,0.8327,0.8259,41.3906,29.4746,29.5191,29.7169,29.4336,29.6732,29.5417,29.523,29.6529,29.3953,30.7321,3.5542,0.8318,0.0028,0.5193,0.0109,0.7817,0.0049,0.7437,0.0072,0.7817,0.0049,50,info_gain,euclidean,shepards
0.7909,0.8,0.7833,0.7775,0.788,0.7882,0.7846,0.7885,0.7927,0.7844,482.6942,482.64,482.2043,482.3097,482.3807,482.3352,482.4117,482.1844,482.4404,482.1311,482.3732,0.1756,0.7878,0.0058,0.4264,0.0137,0.715,0.0073,0.7115,0.0068,0.715,0.0073,1,relief,euclidean,majority
0.8156,0.8179,0.8059,0.8157,0.8147,0.8141,0.809,0.8104,0.8157,0.8137,490.9616,480.0448,484.8844,480.3391,480.2215,496.8774,499.2269,497.1088,479.4083,493.6281,488.2701,7.7042,0.8133,0.0035,0.4823,0.0108,0.7505,0.0049,0.7333,0.0067,0.7505,0.0049,3,relief,euclidean,majority
0.8198,0.8241,0.8161,0.8235,0.8211,0.8216,0.8156,0.8188,0.8221,0.8179,490.7353,480.1421,484.7681,480.2733,480.0429,496.76,499.1208,496.9567,479.4975,493.5606,488.1857,7.6563,0.8201,0.0028,0.496,0.0087,0.7611,0.0043,0.7376,0.0053,0.7611,0.0043,5,relief,euclidean,majority
0.8264,0.829,0.8232,0.8321,0.8358,0.8275,0.8214,0.8226,0.8225,0.8255,490.8405,480.0798,484.9522,480.2035,479.9677,1403.6486,499.426,497.1484,1423.3495,493.4099,673.3026,370.185,0.8266,0.0044,0.5125,0.0132,0.7711,0.0073,0.7445,0.0066,0.7711,0.0073,7,relief,euclidean,majority
0.8319,0.8303,0.8363,0.8361,0.8327,0.8308,0.8309,0.8299,0.8318,0.825,490.8652,479.9844,485.078,1435.3486,480.1488,496.7893,1203.6422,497.2905,479.5568,493.6176,654.2321,336.7033,0.8316,0.003,0.5252,0.0102,0.7789,0.0053,0.7499,0.0057,0.7789,0.0053,15,relief,euclidean,majority
0.8308,0.8283,0.8376,0.8365,0.8376,0.8326,0.8305,0.8303,0.8371,0.8313,490.7635,480.0632,484.8468,480.1983,480.1502,496.9046,499.4101,497.1237,479.5562,493.6544,488.2671,7.7352,0.8332,0.0034,0.5273,0.0113,0.7822,0.0061,0.7495,0.0057,0.7822,0.0061,25,relief,euclidean,majority
0.8297,0.8312,0.8338,0.838,0.8371,0.8326,0.8249,0.8326,0.8329,0.8262,491.2952,480.4452,485.1455,480.7843,480.6238,497.3454,499.7499,497.4963,479.9577,494.1032,488.6946,7.7151,0.8319,0.004,0.5211,0.0132,0.781,0.0067,0.7454,0.0071,0.781,0.0067,50,relief,euclidean,majority
0.7909,0.8,0.7833,0.7775,0.788,0.7882,0.7846,0.7885,0.7927,0.7844,491.3305,480.2574,485.0476,480.4957,480.3505,496.9705,499.4093,497.1605,479.6872,493.725,488.4434,7.675,0.7878,0.0058,0.4264,0.0137,0.715,0.0073,0.7115,0.0068,0.715,0.0073,1,relief,euclidean,inverse_distance
0.8138,0.8109,0.8039,0.8153,0.8149,0.8139,0.809,0.8111,0.8161,0.8097,491.0197,480.3131,485.0142,480.453,480.244,496.913,499.5034,497.2768,479.6698,493.5047,488.3912,7.6826,0.8119,0.0035,0.4811,0.0103,0.7483,0.0051,0.734,0.0072,0.7483,0.0051,3,relief,euclidean,inverse_distance
0.8202,0.8215,0.8132,0.8235,0.8227,0.8218,0.8154,0.8186,0.8194,0.8079,490.7448,480.0525,484.8151,480.2052,480.0576,496.8418,499.1751,497.1412,479.5651,493.5227,488.2121,7.6974,0.8184,0.0046,0.4946,0.012,0.7588,0.0073,0.7385,0.01,0.7588,0.0073,5,relief,euclidean,inverse_distance
0.824,0.8261,0.8205,0.8283,0.8342,0.8253,0.8187,0.8211,0.8208,0.8175,490.8055,480.1226,484.9756,480.3047,480.2093,496.9608,499.1638,497.1076,479.4745,493.5505,488.2675,7.6788,0.8236,0.0048,0.5073,0.0178,0.767,0.0086,0.7439,0.0143,0.767,0.0086,7,relief,euclidean,inverse_distance
0.8306,0.8285,0.8349,0.8332,0.8333,0.8295,0.8273,0.8259,0.8294,0.8217,490.8452,480.1964,484.8646,480.248,480.1479,496.8265,499.2236,497.149,479.5137,493.5401,488.2555,7.6825,0.8294,0.0037,0.5209,0.0173,0.7761,0.0072,0.7491,0.0149,0.7761,0.0072,15,relief,euclidean,inverse_distance
0.8299,0.8272,0.8278,0.831,0.8362,0.8306,0.83,0.8275,0.8325,0.8224,490.8843,480.3623,484.9434,480.408,480.1752,496.93,499.711,497.2606,479.8711,493.8121,488.4358,7.7167,0.8295,0.0035,0.518,0.0134,0.7776,0.0091,0.7461,0.0138,0.7776,0.0091,25,relief,euclidean,inverse_distance
0.8301,0.8292,0.8285,0.8354,0.8353,0.8295,0.8236,0.8297,0.8245,0.8224,491.1502,480.5258,485.239,480.7803,480.6428,497.2322,499.6056,497.3187,479.737,493.772,488.6004,7.6447,0.8288,0.0042,0.5164,0.019,0.7764,0.0089,0.7457,0.0165,0.7764,0.0089,50,relief,euclidean,inverse_distance
0.7909,0.8,0.7833,0.7775,0.788,0.7882,0.7846,0.7885,0.7927,0.7844,491.4072,480.4569,485.1297,480.575,480.3795,497.0305,499.4825,497.3753,479.8184,493.8765,488.5531,7.6789,0.7878,0.0058,0.4264,0.0137,0.715,0.0073,0.7115,0.0068,0.715,0.0073,1,relief,euclidean,shepards
0.7889,0.7879,0.766,0.8098,0.81,0.8128,0.8003,0.8034,0.8095,0.7837,491.0574,480.4334,485.0737,480.7037,480.3931,496.9661,499.471,497.2363,479.6523,493.8094,488.4796,7.6465,0.7972,0.0144,0.4494,0.0148,0.734,0.0155,0.7224,0.0209,0.734,0.0155,3,relief,euclidean,shepards
0.8074,0.8018,0.7868,0.8146,0.8144,0.8244,0.8085,0.8073,0.8185,0.7935,491.089,480.3921,485.1065,480.4964,480.3623,497.0527,499.4712,497.2909,479.7099,493.8141,488.4785,7.6846,0.8077,0.0108,0.4681,0.019,0.7487,0.0153,0.7278,0.0244,0.7487,0.0153,5,relief,euclidean,shepards
0.8131,0.8034,0.8021,0.8228,0.8276,0.8225,0.8107,0.8107,0.8161,0.7955,491.1091,480.3582,485.1199,480.434,480.2967,497.068,499.4856,497.279,479.7237,493.7107,488.4585,7.6954,0.8124,0.0097,0.4782,0.0227,0.756,0.0167,0.7317,0.027,0.756,0.0167,7,relief,euclidean,shepards
0.8154,0.804,0.801,0.8204,0.8309,0.8236,0.8118,0.8109,0.8181,0.7984,491.1016,480.3929,485.1715,480.525,480.4178,497.1124,499.4759,497.3474,479.8628,493.8845,488.5292,7.6746,0.8134,0.0098,0.4793,0.0263,0.7588,0.0179,0.7319,0.0303,0.7588,0.0179,15,relief,euclidean,shepards
0.8173,0.8056,0.801,0.8215,0.828,0.8264,0.8165,0.8084,0.8269,0.7948,491.1313,480.4438,485.1801,480.5252,480.4701,497.2328,499.5906,497.4045,479.7612,493.8132,488.5553,7.7074,0.8147,0.0111,0.4818,0.0265,0.7615,0.0202,0.7326,0.0302,0.7615,0.0202,25,relief,euclidean,shepards
0.8149,0.8025,0.8041,0.8186,0.8316,0.822,0.8118,0.8087,0.8238,0.7973,491.1436,480.4816,485.1925,480.6141,480.4751,497.2884,499.5531,497.5403,479.8677,493.8472,488.6003,7.7003,0.8135,0.0102,0.4782,0.0293,0.7599,0.0198,0.731,0.0323,0.7599,0.0198,50,relief,euclidean,shepards
0.7856,0.7983,0.7809,0.774,0.7876,0.7863,0.7835,0.7874,0.7903,0.7791,19.9128,17.5141,17.3978,17.5533,17.4725,17.5375,17.3936,17.5347,17.8511,31.149,19.1317,4.0699,0.7853,0.0063,0.4216,0.0144,0.7118,0.008,0.7098,0.007,0.7118,0.008,1,uniform,cosine,majority
0.8114,0.8177,0.8028,0.8137,0.8131,0.8117,0.8087,0.8073,0.8152,0.8131,20.2331,17.7025,17.5372,17.7075,17.4961,17.7491,17.5597,17.6232,17.5667,17.5265,17.8702,0.7919,0.8115,0.004,0.4798,0.0129,0.7477,0.0057,0.7332,0.0076,0.7477,0.0057,3,uniform,cosine,majority
0.8187,0.8219,0.8136,0.8204,0.8209,0.8192,0.8129,0.8173,0.821,0.8164,20.0468,17.9414,18.0155,18.1489,18.2729,18.7142,18.6795,18.8004,17.8994,17.6731,18.4192,0.6528,0.8182,0.003,0.4938,0.0092,0.7579,0.0045,0.7379,0.0055,0.7579,0.0045,5,uniform,cosine,majority
0.824,0.8283,0.8238,0.8297,0.8353,0.8269,0.8207,0.8233,0.8232,0.8224,19.8895,17.7574,18.0509,17.7754,17.5944,17.646,17.5077,17.5894,17.6164,17.6381,17.9065,0.6763,0.8257,0.0041,0.5131,0.0118,0.7692,0.0071,0.7463,0.0057,0.7692,0.0071,7,uniform,cosine,majority
0.8286,0.8292,0.8312,0.8341,0.8313,0.8328,0.8276,0.8255,0.8307,0.8217,19.8786,17.8397,17.5623,17.6861,17.4851,17.5918,17.5779,17.5881,17.684,17.5785,17.8472,0.6833,0.8293,0.0035,0.5228,0.0111,0.7743,0.0056,0.7509,0.0062,0.7743,0.0056,15,uniform,cosine,majority
0.8319,0.8281,0.8354,0.8354,0.8367,0.8299,0.8293,0.8299,0.836,0.8277,19.9831,17.6604,17.5392,17.7151,17.5164,17.5888,17.537,17.6384,17.6939,17.5759,17.8448,0.7157,0.832,0.0033,0.5284,0.011,0.779,0.0059,0.7524,0.0057,0.779,0.0059,25,uniform,cosine,majority
0.831,0.829,0.832,0.8383,0.8382,0.8304,0.8236,0.8306,0.832,0.8259,24.7043,21.9871,23.093,23.9337,23.1656,22.655,22.3227,22.4697,24.3533,23.5753,23.226,0.8573,0.8311,0.0044,0.5242,0.0141,0.778,0.0071,0.7496,0.0074,0.778,0.0071,50,uniform,cosine,majority
0.7856,0.7983,0.7809,0.774,0.7876,0.7863,0.7835,0.7874,0.7903,0.7791,19.8901,17.5905,17.5441,17.7087,17.5429,17.5913,17.5693,17.5907,17.6607,17.6398,17.8328,0.6876,0.7853,0.0063,0.4216,0.0144,0.7118,0.008,0.7098,0.007,0.7118,0.008,1,uniform,cosine,inverse_distance
0.7951,0.7943,0.784,0.8126,0.8111,0.8097,0.8083,0.8029,0.8115,0.7871,19.9537,17.6084,17.5637,17.6638,17.5291,17.6564,17.5673,17.5568,17.6602,17.6172,17.8377,0.7068,0.8017,0.0102,0.4639,0.0171,0.7369,0.0119,0.7304,0.0169,0.7369,0.0119,3,uniform,cosine,inverse_distance
0.8037,0.8,0.793,0.8171,0.8202,0.8163,0.8087,0.812,0.815,0.7968,19.9234,17.5322,17.5809,17.7694,17.501,17.6047,17.5011,17.5887,17.6365,17.6818,17.832,0.7015,0.8083,0.0089,0.4743,0.0171,0.7474,0.0122,0.7327,0.0216,0.7474,0.0122,5,uniform,cosine,inverse_distance
0.8173,0.816,0.8032,0.8246,0.8284,0.8273,0.8145,0.8157,0.8199,0.7971,19.996,17.4864,17.6049,17.6693,17.6234,17.6462,17.5972,17.5461,18.0811,18.3583,17.9609,0.7258,0.8164,0.0095,0.4924,0.0194,0.7595,0.0147,0.7395,0.022,0.7595,0.0147,7,uniform,cosine,inverse_distance
0.8176,0.8078,0.8161,0.8252,0.8344,0.8291,0.8185,0.8144,0.8225,0.7975,21.7774,18.9707,18.2282,18.31,19.4551,19.1136,20.0199,18.3014,18.4724,18.3747,19.1023,1.0535,0.8183,0.01,0.4978,0.0252,0.7629,0.0162,0.7425,0.0258,0.7629,0.0162,15,uniform,cosine,inverse_distance
0.818,0.8087,0.8136,0.8283,0.8329,0.826,0.826,0.8153,0.8285,0.8037,21.0614,19.7386,20.2503,20.6145,21.8218,18.0017,17.6638,17.734,17.7748,18.097,19.2758,1.5122,0.8201,0.0092,0.5016,0.0232,0.7661,0.0162,0.7439,0.0262,0.7661,0.0162,25,uniform,cosine,inverse_distance
0.8198,0.8058,0.8108,0.8281,0.8356,0.824,0.8203,0.816,0.8247,0.8004,21.1226,18.6011,19.0527,18.5184,17.777,17.8762,17.7165,17.8342,17.8825,18.3942,18.4775,0.9773,0.8185,0.0101,0.4987,0.0234,0.7639,0.0169,0.7431,0.0263,0.7639,0.0169,50,uniform,cosine,inverse_distance
0.7856,0.7983,0.7809,0.774,0.7876,0.7863,0.7835,0.7874,0.7903,0.7791,20.0974,17.6097,18.0432,19.09,18.1891,18.0856,22.6855,26.6772,27.3259,32.8429,22.0647,4.9508,0.7853,0.0063,0.4216,0.0144,0.7118,0.008,0.7098,0.007,0.7118,0.008,1,uniform,cosine,shepards
0.8114,0.8177,0.8026,0.814,0.8131,0.8117,0.8087,0.8071,0.8152,0.8126,29.7829,25.555,25.3062,28.2169,22.2403,22.8003,22.9225,21.3873,21.8769,24.626,24.4714,2.6561,0.8114,0.0041,0.4797,0.013,0.7476,0.0058,0.7332,0.0076,0.7476,0.0058,3,uniform,cosine,shepards
0.8187,0.8168,0.8057,0.8208,0.8211,0.8192,0.8136,0.8166,0.821,0.8031,33.9509,30.0754,29.2986,28.8038,29.7192,28.594,31.2208,30.1802,28.303,28.5656,29.8711,1.609,0.8157,0.0061,0.4909,0.0138,0.7549,0.0089,0.7386,0.012,0.7549,0.0089,5,uniform,cosine,shepards
0.8251,0.8248,0.8092,0.8279,0.8324,0.8255,0.8165,0.8202,0.8227,0.8108,31.8595,30.2515,28.2657,28.9308,28.5011,27.4999,30.7066,37.4272,32.8395,30.6302,30.6912,2.748,0.8215,0.007,0.5053,0.0176,0.764,0.0109,0.7448,0.0148,0.764,0.0109,7,uniform,cosine,shepards
0.8301,0.8266,0.8285,0.8314,0.836,0.8312,0.8267,0.825,0.8305,0.8182,31.7277,29.089,31.9303,32.8739,28.8641,25.8218,24.8227,24.7965,24.7951,20.3669,27.5088,3.8243,0.8284,0.0045,0.5218,0.015,0.7739,0.0087,0.7514,0.0137,0.7739,0.0087,15,uniform,cosine,shepards
0.8299,0.827,0.825,0.8305,0.8344,0.8297,0.8327,0.8242,0.8362,0.8175,21.5904,18.6795,18.091,18.0527,17.8576,20.8086,19.0625,19.3351,18.5861,18.4909,19.0555,1.1674,0.8287,0.0052,0.5209,0.0158,0.7753,0.0103,0.7501,0.015,0.7753,0.0103,25,uniform,cosine,shepards
0.8317,0.8285,0.8258,0.8361,0.8353,0.8273,0.824,0.8281,0.8298,0.8173,21.3638,18.6759,17.9026,18.4992,18.5164,19.1807,18.2546,18.397,23.4159,21.4945,19.5701,1.7552,0.8284,0.0052,0.5216,0.0173,0.7744,0.0099,0.7513,0.016,0.7744,0.0099,50,uniform,cosine,shepards
0.792,0.8009,0.7895,0.7821,0.7931,0.792,0.7914,0.7932,0.7971,0.7857,69.3658,59.5897,58.8913,56.0562,57.1308,60.5,74.4678,71.4101,89.7015,132.6619,72.9775,22.2046,0.7917,0.005,0.4389,0.0125,0.7205,0.0065,0.7185,0.0064,0.7205,0.0065,1,uniform,cosine-hamming,majority
0.8169,0.823,0.8125,0.8232,0.816,0.8172,0.8112,0.8155,0.8119,0.8159,87.9344,61.2798,59.0618,55.6878,57.18,60.5539,73.3499,70.4217,71.22,110.1032,70.6792,16.1006,0.8163,0.0039,0.4916,0.0123,0.7548,0.0057,0.7382,0.0073,0.7548,0.0057,3,uniform,cosine-hamming,majority
0.8237,0.8321,0.8234,0.8336,0.8258,0.8291,0.82,0.823,0.8252,0.8206,72.3156,61.51,60.9183,56.3463,57.6414,63.0934,73.8677,71.8356,72.3887,110.3022,70.0219,14.8158,0.8257,0.0044,0.513,0.0126,0.769,0.0066,0.7464,0.0064,0.769,0.0066,5,uniform,cosine-hamming,majority
0.827,0.8325,0.8312,0.8392,0.8333,0.8337,0.8296,0.8268,0.8265,0.8264,69.5504,60.1539,59.0146,56.0317,57.0438,60.5723,72.761,71.525,71.547,109.8518,68.8052,15.0197,0.8306,0.004,0.5248,0.0141,0.7768,0.0061,0.751,0.0084,0.7768,0.0061,7,uniform,cosine-hamming,majority
0.8323,0.8369,0.8409,0.8367,0.8362,0.8413,0.8344,0.833,0.8364,0.8357,69.6249,60.3304,58.9249,56.1608,57.1152,60.619,73.376,70.6718,71.4596,109.8145,68.8097,14.9895,0.8364,0.0028,0.5401,0.0091,0.7857,0.0048,0.7577,0.0055,0.7857,0.0048,15,uniform,cosine-hamming,majority
0.835,0.8347,0.8376,0.8374,0.8367,0.837,0.8358,0.8365,0.8364,0.8346,69.6998,60.31,59.1716,56.3578,57.2966,60.6755,72.717,70.6179,71.7634,110.0526,68.8662,14.993,0.8362,0.001,0.537,0.0054,0.7862,0.0026,0.7549,0.0038,0.7862,0.0026,25,uniform,cosine-hamming,majority
0.8394,0.8374,0.8382,0.8378,0.8396,0.8381,0.8382,0.8376,0.8377,0.833,75.4487,66.3039,67.3569,64.6155,62.8405,67.5356,78.8958,76.7174,77.9936,117.5646,75.5272,15.1053,0.8377,0.0017,0.5369,0.0072,0.7903,0.0032,0.7524,0.0049,0.7903,0.0032,50,uniform,cosine-hamming,majority
0.792,0.8009,0.7895,0.7821,0.7931,0.792,0.7914,0.7932,0.7971,0.7857,69.5037,60.1466,59.138,55.8879,56.9418,60.5795,73.0566,70.573,71.5678,109.7449,68.714,14.9966,0.7917,0.005,0.4389,0.0125,0.7205,0.0065,0.7185,0.0064,0.7205,0.0065,1,uniform,cosine-hamming,inverse_distance
0.7966,0.8129,0.8059,0.8195,0.8049,0.8165,0.7848,0.8109,0.8075,0.7924,69.4528,60.0183,58.7923,55.9021,56.9938,60.3633,72.6263,70.8355,71.4116,109.862,68.6258,15.0533,0.8052,0.0104,0.4723,0.0179,0.7415,0.0128,0.7341,0.0164,0.7415,0.0128,3,uniform,cosine-hamming,inverse_distance
0.807,0.8248,0.8123,0.8281,0.8198,0.8271,0.8012,0.8186,0.8166,0.8006,69.2211,60.0012,59.0223,56.0629,57.1139,60.3288,72.6004,70.3897,71.3976,109.7213,68.5859,14.9719,0.8156,0.0096,0.4955,0.0197,0.7563,0.0139,0.7432,0.0181,0.7563,0.0139,5,uniform,cosine-hamming,inverse_distance
0.8096,0.8281,0.8254,0.8323,0.8244,0.8293,0.8096,0.8215,0.8219,0.8053,69.4057,60.199,58.8259,55.9529,57.3958,60.5008,72.7311,70.3384,71.5215,111.0178,68.7889,15.3146,0.8207,0.0089,0.5086,0.02,0.7641,0.0135,0.7494,0.02,0.7641,0.0135,7,uniform,cosine-hamming,inverse_distance
0.8143,0.8288,0.8287,0.8281,0.834,0.8343,0.8121,0.8222,0.8258,0.8122,69.7432,60.0733,59.0106,56.0053,57.215,60.4077,72.5388,70.7394,71.5074,109.8816,68.7122,15.0131,0.824,0.0081,0.5156,0.0223,0.7696,0.0139,0.7521,0.023,0.7696,0.0139,15,uniform,cosine-hamming,inverse_distance
0.8151,0.8352,0.8303,0.8257,0.832,0.8348,0.8094,0.8261,0.8267,0.8179,69.3501,60.0987,58.8111,56.0933,57.0712,60.4487,72.6825,70.4403,71.6553,109.7227,68.6374,14.9829,0.8253,0.0082,0.5172,0.024,0.7719,0.014,0.7519,0.0241,0.7719,0.014,25,uniform,cosine-hamming,inverse_distance
0.8127,0.833,0.8236,0.8235,0.8307,0.8326,0.8081,0.8239,0.8287,0.8131,69.4726,60.2882,59.1027,56.1281,57.195,60.6333,73.0233,70.5538,71.5549,109.8979,68.785,14.9881,0.823,0.0084,0.5106,0.0233,0.7692,0.0152,0.7487,0.0249,0.7692,0.0152,50,uniform,cosine-hamming,inverse_distance
0.792,0.8009,0.7895,0.7821,0.7931,0.792,0.7914,0.7932,0.7971,0.7857,69.483,60.2826,58.9873,56.6392,57.2632,60.6116,72.821,70.5364,71.6277,109.7548,68.8007,14.9057,0.7917,0.005,0.4389,0.0125,0.7205,0.0065,0.7185,0.0064,0.7205,0.0065,1,uniform,cosine-hamming,shepards
0.8169,0.823,0.8125,0.8232,0.816,0.8172,0.8112,0.8155,0.8119,0.8159,69.1915,60.3078,58.8346,57.695,57.0702,60.4658,74.6209,67.4016,68.083,106.3605,68.0031,13.9382,0.8163,0.0039,0.4916,0.0123,0.7548,0.0057,0.7382,0.0073,0.7548,0.0057,3,uniform,cosine-hamming,shepards
0.8237,0.8321,0.8234,0.8336,0.8258,0.8291,0.82,0.823,0.8252,0.8206,66.0302,56.5976,55.4848,52.5708,53.6584,56.9942,69.3133,67.0134,68.1106,106.3449,65.2118,15.0023,0.8257,0.0044,0.513,0.0126,0.769,0.0066,0.7464,0.0064,0.769,0.0066,5,uniform,cosine-hamming,shepards
0.827,0.8325,0.8312,0.8392,0.8333,0.8337,0.8298,0.8268,0.8265,0.8264,66.2406,56.7698,56.017,52.6948,53.7204,57.1467,69.3258,67.0469,68.1384,106.4038,65.3504,14.9536,0.8306,0.004,0.5248,0.0141,0.7768,0.0061,0.751,0.0085,0.7768,0.0061,7,uniform,cosine-hamming,shepards
0.8315,0.8369,0.8409,0.8369,0.8362,0.8413,0.8344,0.833,0.8364,0.8353,66.231,56.6382,55.4925,52.516,53.7035,57.0353,69.4524,66.9879,68.0373,106.6448,65.2739,15.084,0.8363,0.0029,0.5403,0.0094,0.7854,0.0052,0.758,0.0058,0.7854,0.0052,15,uniform,cosine-hamming,shepards
0.8352,0.835,0.8365,0.8376,0.8358,0.837,0.8362,0.8363,0.836,0.8353,66.0956,56.609,56.0299,52.6134,53.7053,57.0839,69.3389,67.0767,68.0796,106.3533,65.2986,14.9585,0.8361,0.0008,0.5375,0.0053,0.7858,0.0023,0.7555,0.0045,0.7858,0.0023,25,uniform,cosine-hamming,shepards
0.8398,0.8372,0.8376,0.8374,0.8393,0.8367,0.8351,0.8379,0.8382,0.833,66.0447,56.7559,55.8203,52.7115,53.7505,57.203,69.4696,67.0498,68.1174,106.6096,65.3532,15.0189,0.8372,0.0019,0.5398,0.0068,0.788,0.004,0.7561,0.0053,0.788,0.004,50,uniform,cosine-hamming,shepards
0.792,0.7985,0.7899,0.7824,0.7916,0.7931,0.7912,0.7919,0.7916,0.7822,51.23,39.1978,39.2291,39.2787,39.0628,39.6831,39.4853,39.407,39.2842,39.5447,40.5403,3.5674,0.7904,0.0046,0.433,0.0099,0.7186,0.0059,0.7146,0.0047,0.7186,0.0059,1,info_gain,cosine,majority
0.8138,0.8157,0.8097,0.8175,0.8202,0.8152,0.8105,0.8188,0.8119,0.8099,47.5407,37.6868,38.1415,37.7033,37.6661,37.5297,37.4828,37.2586,37.6006,37.3927,38.6003,2.9884,0.8143,0.0036,0.485,0.0091,0.7521,0.0057,0.7345,0.0048,0.7521,0.0057,3,info_gain,cosine,majority
0.8211,0.8213,0.8221,0.8246,0.8284,0.8209,0.8187,0.8215,0.8174,0.8177,47.3448,38.3427,37.2638,37.3485,37.8246,37.8398,37.3595,37.3633,37.7662,37.5419,38.5995,2.9318,0.8214,0.0031,0.5002,0.011,0.7629,0.0055,0.7398,0.0065,0.7629,0.0055,5,info_gain,cosine,majority
0.8288,0.8261,0.823,0.8299,0.8329,0.8273,0.8236,0.8268,0.8221,0.8177,47.4551,39.3819,37.6458,37.4227,38.1389,37.4988,37.9408,37.3944,37.7254,37.4255,38.8029,2.9388,0.8258,0.0041,0.5098,0.0126,0.7701,0.0066,0.743,0.007,0.7701,0.0066,7,info_gain,cosine,majority
0.8297,0.8341,0.8363,0.8334,0.8344,0.8354,0.8329,0.8295,0.8307,0.8233,47.5619,38.5093,37.4784,37.3568,37.8738,37.5483,37.6205,37.4781,37.3993,37.3449,38.6171,2.9999,0.832,0.0036,0.5232,0.0112,0.7805,0.0065,0.7473,0.006,0.7805,0.0065,15,info_gain,cosine,majority
0.8359,0.8316,0.8376,0.8356,0.8344,0.8352,0.8316,0.8332,0.8336,0.8282,47.2111,38.3742,37.5887,37.4019,37.6514,37.8677,37.4775,37.5141,38.3889,38.2152,38.7691,2.8362,0.8337,0.0026,0.5259,0.0089,0.7839,0.0042,0.7474,0.0051,0.7839,0.0042,25,info_gain,cosine,majority
0.8345,0.8336,0.834,0.8319,0.8362,0.8334,0.8276,0.8332,0.8338,0.8286,52.2021,43.3542,43.6297,45.0309,42.5895,43.1298,42.4086,43.5932,43.122,42.3885,44.1449,2.7838,0.8327,0.0025,0.5178,0.0067,0.7845,0.0051,0.741,0.0034,0.7845,0.0051,50,info_gain,cosine,majority
0.792,0.7985,0.7899,0.7824,0.7916,0.7931,0.7912,0.7919,0.7916,0.7822,47.3201,38.3178,37.7409,37.8831,37.5654,38.0261,37.582,37.4336,37.5151,37.3832,38.6767,2.8942,0.7904,0.0046,0.433,0.0099,0.7186,0.0059,0.7146,0.0047,0.7186,0.0059,1,info_gain,cosine,inverse_distance
0.7836,0.7857,0.7928,0.8018,0.8096,0.8104,0.7968,0.7934,0.8106,0.7791,47.7739,38.0774,37.5794,37.6539,37.7584,37.4194,37.7793,37.2936,37.8624,37.646,38.6844,3.037,0.7964,0.011,0.4459,0.0197,0.7294,0.0151,0.72,0.0162,0.7294,0.0151,3,info_gain,cosine,inverse_distance
0.7642,0.7665,0.8055,0.8126,0.8227,0.8146,0.799,0.7927,0.8141,0.7675,47.6005,38.163,37.5392,37.7957,37.6245,37.7618,37.2988,37.5764,37.4145,37.4391,38.6214,3.0019,0.7959,0.0211,0.4467,0.039,0.7315,0.0266,0.7206,0.0221,0.7315,0.0266,5,info_gain,cosine,inverse_distance
0.7514,0.7574,0.809,0.8144,0.824,0.8229,0.7999,0.7961,0.8179,0.7593,47.6765,38.0359,38.0457,37.8111,37.7104,37.9412,37.3432,37.5782,37.4721,37.7448,38.7359,2.9883,0.7952,0.0271,0.4458,0.0458,0.7329,0.0325,0.7198,0.0226,0.7329,0.0325,7,info_gain,cosine,inverse_distance
0.7474,0.7645,0.8183,0.8186,0.8267,0.8207,0.7977,0.7919,0.8274,0.7633,47.2936,37.823,38.0684,37.6423,37.4577,37.9742,37.865,37.3352,37.6828,37.3308,38.6473,2.8922,0.7976,0.0282,0.4485,0.0544,0.7363,0.0356,0.7199,0.0279,0.7363,0.0356,15,info_gain,cosine,inverse_distance
0.7474,0.7614,0.8165,0.8177,0.8251,0.8229,0.7983,0.7896,0.8287,0.7624,47.3088,38.5145,37.5244,38.11,37.8282,37.9205,37.3805,37.5318,38.2525,37.3775,38.7749,2.8678,0.797,0.0287,0.4459,0.053,0.7365,0.037,0.7181,0.0271,0.7365,0.037,25,info_gain,cosine,inverse_distance
0.7452,0.7605,0.8185,0.8186,0.8267,0.822,0.7977,0.783,0.8287,0.7582,47.4201,38.8327,38.2215,37.8761,37.9923,37.6167,37.4236,37.3839,37.554,37.4635,38.7784,2.9117,0.7959,0.0302,0.442,0.0574,0.7357,0.0394,0.7159,0.0293,0.7357,0.0394,50,info_gain,cosine,inverse_distance
0.792,0.7985,0.7899,0.7824,0.7916,0.7931,0.7912,0.7919,0.7916,0.7822,47.217,37.7841,37.3844,37.4504,37.3045,37.4454,37.3158,37.8376,37.6564,37.2487,38.4644,2.9239,0.7904,0.0046,0.433,0.0099,0.7186,0.0059,0.7146,0.0047,0.7186,0.0059,1,info_gain,cosine,shepards
0.8138,0.8084,0.8097,0.8177,0.8209,0.8152,0.8116,0.8138,0.8119,0.7877,47.3926,37.8157,37.3369,37.3418,37.4157,37.5594,37.2442,37.3311,37.3839,37.3306,38.4152,2.9964,0.8111,0.0085,0.4777,0.0156,0.749,0.0107,0.7319,0.0126,0.749,0.0107,3,info_gain,cosine,shepards
0.8081,0.8131,0.8192,0.8215,0.828,0.8223,0.8138,0.8127,0.8174,0.804,47.2379,37.8094,37.4598,37.7635,37.3798,37.5195,37.2666,37.3242,37.5223,37.5579,38.4841,2.9226,0.816,0.0068,0.4884,0.0198,0.7559,0.0114,0.7359,0.015,0.7559,0.0114,5,info_gain,cosine,shepards
0.8147,0.8175,0.817,0.8228,0.8324,0.8304,0.8194,0.8193,0.8221,0.8144,47.5412,37.723,37.298,37.4662,37.3799,37.4522,37.2421,37.2962,37.4121,37.2597,38.407,3.0476,0.821,0.0058,0.4983,0.0138,0.7633,0.0109,0.7385,0.0091,0.7633,0.0109,7,info_gain,cosine,shepards
0.8209,0.8237,0.8334,0.8308,0.8347,0.8321,0.8223,0.8197,0.8307,0.8117,47.5882,37.8282,37.3966,37.3661,38.0318,37.7448,37.6458,37.3022,37.4721,37.3405,38.5716,3.0142,0.826,0.0071,0.5095,0.0208,0.7715,0.0121,0.7427,0.0136,0.7715,0.0121,15,info_gain,cosine,shepards
0.8284,0.8217,0.8329,0.8314,0.8324,0.8345,0.8262,0.82,0.8331,0.8204,47.2226,37.8239,37.8207,37.5907,37.5998,37.7185,37.4925,37.4545,37.5623,37.4854,38.5771,2.8846,0.8281,0.0054,0.5134,0.0211,0.7753,0.0099,0.7436,0.0157,0.7753,0.0099,25,info_gain,cosine,shepards
0.8264,0.8235,0.834,0.8321,0.8367,0.8332,0.8265,0.8162,0.8336,0.8204,49.0019,40.8183,39.3653,39.2938,39.3146,39.8229,39.4597,39.7173,39.7141,39.6671,40.6175,2.8259,0.8282,0.0064,0.5122,0.0231,0.776,0.0121,0.7422,0.0159,0.776,0.0121,50,info_gain,cosine,shepards
0.7856,0.7983,0.7809,0.774,0.7876,0.7863,0.7835,0.7874,0.7903,0.7791,1171.0909,1160.6292,1159.5337,1160.22,1159.7193,1160.0745,1160.3711,1159.6889,1160.0215,1160.1685,1161.1518,3.328,0.7853,0.0063,0.4216,0.0144,0.7118,0.008,0.7098,0.007,0.7118,0.008,1,relief,cosine,majority
0.8114,0.8177,0.8028,0.8137,0.8131,0.8117,0.8087,0.8073,0.8152,0.8131,1169.0794,1158.5594,1158.833,1158.5323,1158.6859,1159.213,1157.8155,1159.3099,1158.1399,1158.0396,1159.6208,3.1857,0.8115,0.004,0.4798,0.0129,0.7477,0.0057,0.7332,0.0076,0.7477,0.0057,3,relief,cosine,majority
0.8187,0.8219,0.8136,0.8204,0.8209,0.8192,0.8129,0.8173,0.821,0.8164,1169.2232,1158.5687,1158.2629,1158.218,1158.1631,1158.6186,1158.1751,1157.905,1157.8819,1157.805,1159.2822,3.3236,0.8182,0.003,0.4938,0.0092,0.7579,0.0045,0.7379,0.0055,0.7579,0.0045,5,relief,cosine,majority
0.824,0.8283,0.8238,0.8297,0.8353,0.8269,0.8207,0.8233,0.8232,0.8224,1169.4771,1158.7025,1181.7012,1180.1583,1180.6148,1179.8781,1181.8224,1180.643,1180.8361,1181.2037,1177.5037,7.1498,0.8257,0.0041,0.5131,0.0118,0.7692,0.0071,0.7463,0.0057,0.7692,0.0071,7,relief,cosine,majority
0.8286,0.8292,0.8312,0.8341,0.8313,0.8328,0.8276,0.8255,0.8307,0.8217,1191.1952,1178.2461,1176.5899,1180.1744,1161.5562,1161.0069,1160.8346,1160.7491,1161.1232,1161.2002,1169.2676,10.6621,0.8293,0.0035,0.5228,0.0111,0.7743,0.0056,0.7509,0.0062,0.7743,0.0056,15,relief,cosine,majority
0.8319,0.8281,0.8354,0.8354,0.8367,0.8299,0.8293,0.8299,0.836,0.8277,1171.9388,1161.581,1161.174,1161.7013,1161.5896,1161.1783,1161.2499,1161.1804,1161.2495,1161.0594,1162.3902,3.1895,0.832,0.0033,0.5284,0.011,0.779,0.0059,0.7524,0.0057,0.779,0.0059,25,relief,cosine,majority
0.831,0.829,0.832,0.8383,0.8382,0.8304,0.8236,0.8306,0.832,0.8259,1178.3644,1166.9029,1168.2767,1168.5222,1167.6325,1167.2897,1166.8027,1167.519,1169.3802,1168.389,1168.9079,3.2418,0.8311,0.0044,0.5242,0.0141,0.778,0.0071,0.7496,0.0074,0.778,0.0071,50,relief,cosine,majority
0.7856,0.7983,0.7809,0.774,0.7876,0.7863,0.7835,0.7874,0.7903,0.7791,1172.3494,1161.9281,1161.0986,1161.172,1161.1648,1161.1359,1161.0621,1161.2659,1161.2697,1161.1666,1162.3613,3.3376,0.7853,0.0063,0.4216,0.0144,0.7118,0.008,0.7098,0.007,0.7118,0.008,1,relief,cosine,inverse_distance
0.7951,0.7943,0.784,0.8126,0.8111,0.8097,0.8083,0.8029,0.8115,0.7871,1172.0494,1161.3077,1161.027,1161.0318,1160.9194,1161.246,1161.0417,1160.9803,1161.1008,1160.9427,1162.1647,3.297,0.8017,0.0102,0.4639,0.0171,0.7369,0.0119,0.7304,0.0169,0.7369,0.0119,3,relief,cosine,inverse_distance
0.8037,0.8,0.793,0.8171,0.8202,0.8163,0.8087,0.812,0.815,0.7968,1171.8768,1161.3838,1161.0233,1161.0828,1161.0991,1161.1465,1160.883,1160.9828,1161.1735,1160.8972,1162.1549,3.2436,0.8083,0.0089,0.4743,0.0171,0.7474,0.0122,0.7327,0.0216,0.7474,0.0122,5,relief,cosine,inverse_distance
0.8173,0.816,0.8032,0.8246,0.8284,0.8273,0.8145,0.8157,0.8199,0.7971,1172.028,1161.2901,1160.9513,1161.0682,1161.2396,1161.7876,1161.1644,1161.0302,1161.1904,1160.9628,1162.2713,3.2602,0.8164,0.0095,0.4924,0.0194,0.7595,0.0147,0.7395,0.022,0.7595,0.0147,7,relief,cosine,inverse_distance
0.8176,0.8078,0.8161,0.8252,0.8344,0.8291,0.8185,0.8144,0.8225,0.7975,1172.0552,1161.5268,1160.8637,1161.1615,1161.1853,1161.2501,1160.9614,1160.9693,1161.0547,1160.9973,1162.2025,3.2891,0.8183,0.01,0.4978,0.0252,0.7629,0.0162,0.7425,0.0258,0.7629,0.0162,15,relief,cosine,inverse_distance
0.818,0.8087,0.8136,0.8283,0.8329,0.826,0.826,0.8153,0.8285,0.8037,1171.8849,1161.3488,1161.1048,1161.1408,1161.0301,1161.1234,1161.0851,1161.134,1161.0674,1161.073,1162.1992,3.2296,0.8201,0.0092,0.5016,0.0232,0.7661,0.0162,0.7439,0.0262,0.7661,0.0162,25,relief,cosine,inverse_distance
0.8198,0.8058,0.8108,0.8281,0.8356,0.824,0.8203,0.816,0.8247,0.8004,1171.9672,1161.4167,1161.3715,1161.1884,1161.1504,1161.2708,1161.1261,1161.1854,1161.2462,1161.0837,1162.3006,3.2237,0.8185,0.0101,0.4987,0.0234,0.7639,0.0169,0.7431,0.0263,0.7639,0.0169,50,relief,cosine,inverse_distance
0.7988,0.8049,0.7984,0.7916,0.7949,0.7977,0.8027,0.7952,0.8049,0.7871,129.4073,91.1684,132.5944,91.9185,130.1517,131.6843,132.3587,134.6488,113.6357,129.2797,121.6848,16.0377,0.7976,0.0054,0.4529,0.0126,0.7284,0.0072,0.7246,0.0057,0.7284,0.0072,1,info_gain,minkowski_p_1,majority
0.7876,0.793,0.7813,0.7817,0.7904,0.7907,0.7919,0.7916,0.7956,0.7795,286.2711,325.9432,320.3892,358.5629,368.233,355.799,389.5315,402.3153,394.5437,395.0218,359.6611,36.5153,0.7883,0.0053,0.4277,0.0114,0.7157,0.0067,0.7121,0.005,0.7157,0.0067,1,info_gain,minkowski_p_3,majority
0.7882,0.7921,0.7778,0.7824,0.7876,0.7874,0.7919,0.7872,0.7927,0.7798,345.1513,392.3776,389.5701,391.4694,401.1254,360.5157,395.1467,403.5835,596.9203,633.3722,430.9232,94.0864,0.7867,0.0049,0.423,0.0109,0.7134,0.0062,0.7097,0.005,0.7134,0.0062,1,info_gain,minkowski_p_4,majority
0.8198,0.8232,0.8141,0.8206,0.8249,0.8247,0.8203,0.8215,0.8181,0.8126,139.2648,110.0615,143.1825,111.0736,149.9686,151.529,149.398,149.2167,128.0109,148.0483,137.9754,15.221,0.82,0.0039,0.5005,0.0093,0.7602,0.006,0.7419,0.0043,0.7602,0.006,3,info_gain,minkowski_p_1,majority
0.8105,0.8118,0.8063,0.8144,0.8196,0.8117,0.8076,0.8124,0.8141,0.8108,307.195,334.4198,328.3978,380.5161,367.8507,372.5735,401.8679,411.841,411.7976,412.1098,372.8569,36.4251,0.8119,0.0035,0.4795,0.0111,0.7485,0.0055,0.7324,0.0066,0.7485,0.0055,3,info_gain,minkowski_p_3,majority
0.8096,0.8122,0.8066,0.8148,0.8187,0.8119,0.8092,0.8078,0.8124,0.8102,360.8806,411.4289,408.8951,398.5859,404.553,379.3952,412.0245,421.3533,595.2853,628.7926,442.1194,86.9079,0.8113,0.0034,0.4776,0.0112,0.7476,0.0055,0.7314,0.0065,0.7476,0.0055,3,info_gain,minkowski_p_4,majority
0.8281,0.8297,0.8287,0.8266,0.8333,0.8332,0.8234,0.8264,0.8245,0.8131,139.9528,110.1508,142.3957,110.8941,148.7925,149.8857,132.959,136.0739,132.3343,139.4408,134.288,13.1023,0.8267,0.0055,0.5133,0.0154,0.7712,0.0085,0.7451,0.0077,0.7712,0.0085,5,info_gain,minkowski_p_1,majority
0.818,0.821,0.8187,0.8204,0.8253,0.8201,0.8152,0.8224,0.8185,0.8146,295.0287,339.7368,333.4074,359.2365,368.2279,356.9552,411.9512,430.4245,404.9246,397.5988,369.7492,39.4418,0.8194,0.003,0.4951,0.0083,0.76,0.0054,0.7375,0.0043,0.76,0.0054,5,info_gain,minkowski_p_3,majority
0.8176,0.8193,0.8148,0.8228,0.8233,0.8181,0.8149,0.818,0.8161,0.8148,346.1416,394.6352,391.3695,393.8609,402.8809,362.7652,397.5108,406.9164,579.0714,614.1251,428.9277,86.0456,0.818,0.0029,0.491,0.0093,0.7578,0.0051,0.7355,0.0053,0.7578,0.0051,5,info_gain,minkowski_p_4,majority
0.833,0.8345,0.8356,0.8332,0.8373,0.8367,0.8276,0.8323,0.8247,0.8273,124.1507,93.359,126.3689,95.6187,133.9316,134.2975,136.0872,135.7809,113.1937,131.5373,122.4326,15.4551,0.8322,0.0041,0.5261,0.0114,0.7802,0.0068,0.7498,0.0057,0.7802,0.0068,7,info_gain,minkowski_p_1,majority
0.8248,0.8246,0.8207,0.8274,0.8293,0.8269,0.8191,0.8248,0.8254,0.8188,290.1805,328.2451,323.4461,358.9797,368.8475,355.496,389.6656,401.8857,393.8173,394.0171,360.458,35.0029,0.8242,0.0034,0.5059,0.0096,0.7676,0.0055,0.7414,0.0052,0.7676,0.0055,7,info_gain,minkowski_p_3,majority
0.8279,0.8239,0.8194,0.8285,0.8291,0.8251,0.8194,0.8253,0.8247,0.8151,343.1006,392.5689,389.4174,391.228,401.23,360.5655,394.5186,403.2259,575.8313,610.9492,426.2635,85.7888,0.8238,0.0043,0.5042,0.012,0.7672,0.0069,0.7403,0.0063,0.7672,0.0069,7,info_gain,minkowski_p_4,majority
0.8381,0.8392,0.8409,0.8418,0.8431,0.8405,0.8342,0.8405,0.8333,0.8288,121.0467,90.5028,123.7832,92.3039,130.0038,131.3822,131.6441,133.9076,114.7879,141.596,121.0958,16.4096,0.838,0.0043,0.5378,0.0127,0.7909,0.0075,0.7528,0.0066,0.7909,0.0075,15,info_gain,minkowski_p_1,majority
0.8321,0.8314,0.8369,0.8319,0.8313,0.831,0.8289,0.8284,0.8285,0.8195,307.9439,347.7347,337.9576,358.4978,368.0153,371.5592,406.4475,405.4664,394.3324,393.8998,369.1855,30.422,0.83,0.0042,0.5191,0.0124,0.777,0.007,0.7462,0.0064,0.777,0.007,15,info_gain,minkowski_p_3,majority
0.8339,0.8294,0.8347,0.8336,0.8329,0.8308,0.8267,0.8286,0.8245,0.8173,339.5318,388.9761,385.8187,387.954,397.2885,356.313,390.9223,399.1835,572.1845,607.3961,422.5569,85.8462,0.8292,0.0051,0.5176,0.0149,0.7757,0.0081,0.7458,0.0076,0.7757,0.0081,15,info_gain,minkowski_p_4,majority
0.8418,0.8407,0.8456,0.8407,0.8442,0.8418,0.8371,0.8427,0.8353,0.8319,117.2777,87.3895,119.4433,88.5785,126.6601,128.7053,128.8125,130.8118,109.5715,126.5234,116.3774,15.4701,0.8402,0.004,0.5419,0.0122,0.7951,0.0068,0.7535,0.0063,0.7951,0.0068,25,info_gain,minkowski_p_1,majority
0.8328,0.8294,0.834,0.831,0.8329,0.8299,0.8309,0.8317,0.8325,0.8255,286.2662,325.1938,319.9865,355.2547,364.2575,351.887,385.6779,398.0596,389.7777,389.8547,356.6216,34.8245,0.8311,0.0023,0.5193,0.0082,0.7795,0.0041,0.7448,0.0046,0.7795,0.0041,25,info_gain,minkowski_p_3,majority
0.8323,0.8294,0.8329,0.8297,0.8324,0.8319,0.8307,0.8297,0.8322,0.8233,339.4717,388.807,385.5092,387.4628,397.316,356.2604,391.0329,399.1872,572.221,607.2534,422.4521,85.8665,0.8305,0.0027,0.5184,0.0086,0.7783,0.0046,0.7448,0.0046,0.7783,0.0046,25,info_gain,minkowski_p_4,majority
0.8379,0.8387,0.8425,0.8369,0.8404,0.8407,0.8358,0.8425,0.838,0.829,122.8056,92.9006,124.8406,95.5434,131.83,132.0874,131.8943,134.1751,114.716,131.2034,121.1996,14.599,0.8382,0.0037,0.5287,0.0104,0.796,0.0073,0.7433,0.005,0.796,0.0073,50,info_gain,minkowski_p_1,majority
0.8326,0.8316,0.8305,0.8314,0.8364,0.8312,0.8258,0.833,0.8311,0.8266,290.6324,329.8054,326.149,360.8252,369.4232,357.1304,390.5321,403.1153,394.6013,394.8983,361.7113,34.8485,0.831,0.0029,0.5118,0.0083,0.7823,0.0057,0.7376,0.0042,0.7823,0.0057,50,info_gain,minkowski_p_3,majority
0.8337,0.8277,0.8285,0.8316,0.8347,0.8304,0.8245,0.8297,0.8311,0.8264,345.8609,393.4499,390.8464,393.2247,402.4295,360.8356,397.4264,405.0644,577.7503,612.2898,427.9178,85.7576,0.8298,0.003,0.5079,0.01,0.7805,0.0051,0.7356,0.0055,0.7805,0.0051,50,info_gain,minkowski_p_4,majority
0.7988,0.8049,0.7984,0.7916,0.7949,0.7977,0.8027,0.7952,0.8049,0.7871,117.0499,86.9565,119.3582,88.4352,126.2453,127.4525,127.8966,129.5764,108.2505,125.7562,115.6977,15.271,0.7976,0.0054,0.4529,0.0126,0.7284,0.0072,0.7246,0.0057,0.7284,0.0072,1,info_gain,minkowski_p_1,inverse_distance
0.7876,0.793,0.7813,0.7817,0.7904,0.7907,0.7919,0.7916,0.7956,0.7795,285.4785,324.7131,319.8159,358.0784,367.4411,355.0183,389.1729,401.8243,393.4043,393.1897,358.8137,36.4704,0.7883,0.0053,0.4277,0.0114,0.7157,0.0067,0.7121,0.005,0.7157,0.0067,1,info_gain,minkowski_p_3,inverse_distance
0.7882,0.7921,0.7778,0.7824,0.7876,0.7874,0.7919,0.7872,0.7927,0.7798,342.9689,388.8665,385.9676,389.6957,398.5031,358.8141,393.9955,402.1234,575.3417,610.0869,424.6363,86.1571,0.7867,0.0049,0.423,0.0109,0.7134,0.0062,0.7097,0.005,0.7134,0.0062,1,info_gain,minkowski_p_4,inverse_distance
0.7942,0.7901,0.8088,0.8089,0.8149,0.8168,0.8005,0.7983,0.817,0.788,120.1445,89.9974,123.0077,91.6922,129.3336,130.7168,130.124,131.6213,111.4249,128.7206,118.6783,15.1069,0.8037,0.0104,0.4635,0.0222,0.7374,0.0152,0.7272,0.0099,0.7374,0.0152,3,info_gain,minkowski_p_1,inverse_distance
0.7933,0.7978,0.8052,0.8146,0.8193,0.8124,0.8059,0.8082,0.8146,0.8015,288.544,327.6267,322.4006,358.2546,366.6582,355.1436,388.5163,400.9758,392.5312,392.7124,359.3363,35.0069,0.8073,0.0078,0.4685,0.0214,0.7434,0.0113,0.7282,0.0159,0.7434,0.0113,3,info_gain,minkowski_p_3,inverse_distance
0.805,0.8098,0.8061,0.8151,0.8187,0.8124,0.8092,0.8093,0.8126,0.8077,342.7742,391.7062,388.839,390.6093,400.2865,359.589,395.3032,403.1045,576.0061,610.9482,425.9166,86.0127,0.8106,0.004,0.4747,0.0141,0.7469,0.0064,0.7297,0.0096,0.7469,0.0064,3,info_gain,minkowski_p_4,inverse_distance
0.7739,0.7901,0.8254,0.8148,0.826,0.822,0.8036,0.8003,0.823,0.7822,120.6273,90.8879,123.2137,92.5567,130.0992,131.6181,131.607,133.3462,112.1974,129.4759,119.5629,15.1985,0.8061,0.0181,0.4683,0.0372,0.7427,0.025,0.7285,0.0164,0.7427,0.025,5,info_gain,minkowski_p_1,inverse_distance
0.8048,0.8073,0.8174,0.8188,0.8249,0.8201,0.8127,0.812,0.8183,0.8028,289.2307,328.9567,323.1708,359.1258,368.1377,355.5585,389.6462,401.7487,393.5407,393.2974,360.2413,35.0286,0.8139,0.0068,0.482,0.0183,0.7525,0.0109,0.7323,0.0116,0.7525,0.0109,5,info_gain,minkowski_p_3,inverse_distance
0.8094,0.8078,0.8145,0.8215,0.8242,0.8183,0.8138,0.8127,0.8166,0.8048,343.1667,392.6789,389.2699,391.0614,401.1273,360.0517,394.2304,402.8201,575.5239,610.7743,426.0705,85.7641,0.8144,0.0057,0.4833,0.0195,0.7536,0.0095,0.7333,0.0156,0.7536,0.0095,5,info_gain,minkowski_p_4,inverse_distance
0.7765,0.7958,0.8269,0.8232,0.8324,0.8286,0.801,0.8016,0.8227,0.7951,120.7243,90.3025,122.7388,91.8879,129.9046,129.086,131.3477,132.7806,111.2285,128.7155,118.8716,15.1433,0.8104,0.0178,0.4763,0.0398,0.7481,0.026,0.7307,0.0166,0.7481,0.026,7,info_gain,minkowski_p_1,inverse_distance
0.8134,0.8137,0.8179,0.8243,0.8273,0.8253,0.8163,0.8124,0.8234,0.8135,288.5981,328.0649,322.8818,357.9489,366.9018,354.407,388.4902,401.0722,392.9838,393.0041,359.4353,35.0023,0.8188,0.0055,0.4911,0.019,0.7595,0.0087,0.7348,0.0114,0.7595,0.0087,7,info_gain,minkowski_p_3,inverse_distance
0.816,0.8166,0.8185,0.8252,0.8287,0.8244,0.8169,0.8171,0.8238,0.8144,342.4089,391.747,388.4245,390.2862,400.3534,359.3266,393.6336,401.9164,575.013,610.081,425.3191,85.8282,0.8202,0.0046,0.4952,0.015,0.7618,0.008,0.7367,0.0099,0.7618,0.008,7,info_gain,minkowski_p_4,inverse_distance
0.7856,0.7989,0.8331,0.8248,0.836,0.8277,0.8034,0.8,0.8243,0.7913,120.1065,90.3642,122.1586,91.4314,129.1679,130.7021,130.7644,132.5107,111.8185,128.6144,118.7639,15.1524,0.8125,0.0176,0.4761,0.0406,0.7522,0.0272,0.7281,0.0178,0.7522,0.0272,15,info_gain,minkowski_p_1,inverse_distance
0.8171,0.8168,0.8331,0.8279,0.8331,0.8286,0.8194,0.8149,0.8256,0.8162,288.5737,328.1372,322.6929,355.5413,364.0702,351.6733,385.561,397.8401,389.6172,389.6361,357.3343,33.7405,0.8233,0.0068,0.5011,0.0232,0.7669,0.011,0.7383,0.0135,0.7669,0.011,15,info_gain,minkowski_p_3,inverse_distance
0.8211,0.8219,0.8349,0.8314,0.834,0.8282,0.826,0.8191,0.8245,0.8177,339.2417,388.6974,385.3257,387.6147,397.1473,356.1253,390.7561,399.0755,572.0666,607.1135,422.3164,85.8663,0.8259,0.0058,0.508,0.0204,0.7709,0.0096,0.7413,0.0121,0.7709,0.0096,15,info_gain,minkowski_p_4,inverse_distance
0.7809,0.7965,0.834,0.8283,0.8376,0.8315,0.8025,0.7998,0.8256,0.7911,116.9746,86.9664,119.3946,88.4375,126.3045,127.4805,127.8338,129.9357,108.1966,125.786,115.731,15.3078,0.8128,0.0196,0.4753,0.0451,0.7532,0.0304,0.7268,0.0193,0.7532,0.0304,25,info_gain,minkowski_p_1,inverse_distance
0.8204,0.8188,0.832,0.8279,0.8289,0.8255,0.8214,0.8122,0.8316,0.8188,285.5988,324.8063,319.6289,354.9365,364.0598,351.6719,385.5994,397.8941,389.5915,389.7235,356.3511,34.9753,0.8238,0.0061,0.5007,0.0228,0.7682,0.0102,0.7373,0.0144,0.7682,0.0102,25,info_gain,minkowski_p_3,inverse_distance
0.8246,0.8228,0.8314,0.8277,0.8307,0.8255,0.8214,0.8162,0.8307,0.8213,339.3638,388.7701,385.4031,387.4718,397.2009,356.2733,390.7579,399.0138,572.1017,607.184,422.3541,85.864,0.8252,0.0047,0.5032,0.0194,0.7706,0.0077,0.7377,0.0121,0.7706,0.0077,25,info_gain,minkowski_p_4,inverse_distance
0.7794,0.7914,0.8278,0.825,0.8318,0.8297,0.8021,0.7941,0.8325,0.7922,117.1367,86.8851,119.4481,88.4484,126.308,127.5109,127.928,129.6556,108.2462,125.7881,115.7355,15.3058,0.8106,0.0195,0.4648,0.045,0.7508,0.0317,0.72,0.0188,0.7508,0.0317,50,info_gain,minkowski_p_1,inverse_distance
0.8182,0.8202,0.8316,0.8261,0.8338,0.8286,0.8214,0.8107,0.8274,0.8197,285.4659,324.714,319.6928,355.0755,364.1455,351.6048,385.6697,397.9701,389.7849,389.8484,356.3972,35.0513,0.8238,0.0066,0.4971,0.0243,0.7693,0.0116,0.7339,0.0149,0.7693,0.0116,50,info_gain,minkowski_p_3,inverse_distance
0.8233,0.825,0.8289,0.8305,0.8322,0.8295,0.8234,0.8166,0.8287,0.8224,339.4882,388.7816,385.4785,387.5608,397.4519,356.4081,390.8381,399.1378,572.1312,607.3013,422.4577,85.8511,0.8261,0.0045,0.5026,0.0192,0.773,0.0078,0.736,0.0126,0.773,0.0078,50,info_gain,minkowski_p_4,inverse_distance
0.7988,0.8049,0.7984,0.7916,0.7949,0.7977,0.8027,0.7952,0.8049,0.7871,117.0597,86.7536,119.3235,88.3905,126.177,127.2647,127.8159,129.5559,108.1086,125.7238,115.6173,15.2938,0.7976,0.0054,0.4529,0.0126,0.7284,0.0072,0.7246,0.0057,0.7284,0.0072,1,info_gain,minkowski_p_1,shepards
0.7876,0.793,0.7813,0.7817,0.7904,0.7907,0.7919,0.7916,0.7956,0.7795,285.4888,324.5551,319.6,354.9556,364.0912,351.5351,385.5425,397.762,389.5228,389.6646,356.2718,34.9932,0.7883,0.0053,0.4277,0.0114,0.7157,0.0067,0.7121,0.005,0.7157,0.0067,1,info_gain,minkowski_p_3,shepards
0.7882,0.7921,0.7778,0.7824,0.7876,0.7874,0.7919,0.7872,0.7927,0.7798,339.3367,388.6117,385.3098,387.3059,397.1242,356.2361,390.7601,399.0133,572.0345,607.1175,422.285,85.8626,0.7867,0.0049,0.423,0.0109,0.7134,0.0062,0.7097,0.005,0.7134,0.0062,1,info_gain,minkowski_p_4,shepards
0.8198,0.8232,0.8141,0.8206,0.8249,0.8247,0.8203,0.8215,0.8181,0.8126,116.9061,86.8061,119.3315,88.3606,126.1467,127.3713,127.7043,129.3765,108.1356,125.8267,115.5965,15.2745,0.82,0.0039,0.5005,0.0093,0.7602,0.006,0.7419,0.0043,0.7602,0.006,3,info_gain,minkowski_p_1,shepards
0.8105,0.8118,0.8063,0.8144,0.8196,0.8117,0.8076,0.8124,0.8141,0.8108,285.4617,324.5433,319.5449,354.8567,364.0691,351.5557,385.5615,397.8794,389.5671,389.5896,356.2629,35.0177,0.8119,0.0035,0.4795,0.0111,0.7485,0.0055,0.7324,0.0066,0.7485,0.0055,3,info_gain,minkowski_p_3,shepards
0.8096,0.8122,0.8066,0.8148,0.8187,0.8119,0.8092,0.8082,0.8124,0.8099,339.311,388.6702,385.3736,387.3044,397.1201,356.1018,390.9185,399.0695,572.048,607.0841,422.3001,85.8584,0.8114,0.0033,0.4777,0.011,0.7476,0.0054,0.7314,0.0064,0.7476,0.0054,3,info_gain,minkowski_p_4,shepards
0.8281,0.8297,0.8287,0.8266,0.8333,0.8332,0.8229,0.8264,0.8245,0.8133,116.8986,86.7874,119.2575,88.3686,126.1887,127.6133,127.862,129.4834,108.1733,125.7124,115.6345,15.3092,0.8267,0.0055,0.5133,0.0153,0.7711,0.0085,0.7451,0.0076,0.7711,0.0085,5,info_gain,minkowski_p_1,shepards
0.8169,0.8175,0.819,0.8204,0.8256,0.8203,0.8163,0.82,0.8185,0.8117,285.5867,324.5531,319.5531,354.9439,363.9569,351.5021,385.5556,397.8681,389.6034,389.563,356.2686,34.9877,0.8186,0.0034,0.492,0.0123,0.7592,0.0065,0.7358,0.009,0.7592,0.0065,5,info_gain,minkowski_p_3,shepards
0.8176,0.8188,0.8148,0.8228,0.8236,0.8183,0.8154,0.818,0.8161,0.8139,339.2683,388.4977,385.4457,387.3481,397.1269,356.2519,390.8145,398.9668,572.0338,607.1157,422.2869,85.8636,0.8179,0.003,0.4899,0.0114,0.7581,0.0054,0.7346,0.0078,0.7581,0.0054,5,info_gain,minkowski_p_4,shepards
0.8304,0.8347,0.8356,0.8332,0.8373,0.8367,0.8273,0.8288,0.8247,0.8219,117.0889,86.7782,119.2315,88.3169,126.1819,127.3796,127.8082,129.4864,108.3843,125.6795,115.6336,15.2864,0.8311,0.005,0.5231,0.0182,0.7788,0.0085,0.7487,0.0122,0.7788,0.0085,7,info_gain,minkowski_p_1,shepards
0.8178,0.8179,0.8196,0.8274,0.8298,0.8273,0.8178,0.8213,0.8254,0.8139,285.2779,324.5045,319.5672,354.8995,363.9552,351.545,385.4917,397.8062,389.5047,389.7104,356.2262,35.0446,0.8218,0.005,0.5009,0.0161,0.7644,0.0087,0.74,0.0118,0.7644,0.0087,7,info_gain,minkowski_p_3,shepards
0.8195,0.8186,0.8194,0.8285,0.8296,0.8253,0.8185,0.8219,0.8249,0.8113,339.2191,388.6149,385.2618,387.2775,397.2493,356.2069,390.6611,399.0248,571.9892,607.0815,422.2586,85.8634,0.8218,0.0052,0.4991,0.0171,0.7647,0.0092,0.7384,0.0125,0.7647,0.0092,7,info_gain,minkowski_p_4,shepards
0.8363,0.8385,0.8398,0.8418,0.8422,0.8407,0.8329,0.8341,0.8333,0.8268,116.9826,86.7,119.2797,88.3887,126.2512,127.3517,127.7195,129.5185,108.2189,125.7609,115.6172,15.3003,0.8366,0.0046,0.5331,0.0149,0.789,0.0079,0.7502,0.0082,0.789,0.0079,15,info_gain,minkowski_p_1,shepards
0.8262,0.8266,0.8376,0.8292,0.8322,0.8317,0.8282,0.8235,0.8287,0.8193,285.3943,324.5383,319.5779,355.005,364.0987,351.5692,385.5482,397.9947,389.5246,389.684,356.2935,35.0458,0.8283,0.0048,0.5137,0.0165,0.7747,0.0077,0.7433,0.0094,0.7747,0.0077,15,info_gain,minkowski_p_3,shepards
0.8259,0.8255,0.8351,0.8325,0.8324,0.8304,0.828,0.8239,0.8245,0.8197,339.2364,388.63,385.3881,387.3396,397.265,356.0788,390.6926,399.1104,572.1303,607.0798,422.2951,85.8833,0.8278,0.0045,0.5134,0.0161,0.7736,0.0074,0.7438,0.0093,0.7736,0.0074,15,info_gain,minkowski_p_4,shepards
0.8319,0.8372,0.8431,0.8396,0.8451,0.8398,0.8344,0.8368,0.8353,0.8313,116.9839,86.7423,119.5163,88.4902,126.3496,127.4087,127.7954,129.497,108.1615,125.7831,115.6728,15.2996,0.8374,0.0043,0.5342,0.0143,0.7908,0.008,0.7501,0.008,0.7908,0.008,25,info_gain,minkowski_p_1,shepards
0.8319,0.827,0.8316,0.831,0.8318,0.8264,0.83,0.827,0.8327,0.8237,285.5018,324.6428,319.6161,354.9785,364.0567,351.6821,385.5846,397.9188,389.5743,389.7906,356.3346,35.0171,0.8293,0.0029,0.5135,0.0125,0.7772,0.0049,0.7417,0.0081,0.7772,0.0049,25,info_gain,minkowski_p_3,shepards
0.8295,0.8272,0.8318,0.829,0.8307,0.8271,0.8282,0.8242,0.8331,0.8239,339.2016,388.5056,385.4907,387.3601,397.252,356.1771,390.7218,398.9781,572.0463,607.3032,422.3037,85.9151,0.8285,0.0029,0.5116,0.0126,0.7757,0.0048,0.741,0.0081,0.7757,0.0048,25,info_gain,minkowski_p_4,shepards
0.839,0.8352,0.8411,0.8378,0.8418,0.84,0.8331,0.8339,0.8375,0.8319,117.0825,86.8764,119.366,88.4079,126.3433,127.4965,127.8837,129.5708,108.2066,125.7629,115.6997,15.3026,0.8371,0.0033,0.5295,0.0116,0.7921,0.006,0.7459,0.0069,0.7921,0.006,50,info_gain,minkowski_p_1,shepards
0.8317,0.8283,0.8331,0.8323,0.8376,0.8317,0.8262,0.8264,0.8313,0.8257,285.4704,324.6929,319.7448,354.9955,364.1856,351.665,385.5948,397.957,389.7584,389.7454,356.381,35.0271,0.8304,0.0036,0.5149,0.0127,0.7797,0.0067,0.7415,0.0077,0.7797,0.0067,50,info_gain,minkowski_p_3,shepards
0.833,0.8279,0.8312,0.8321,0.8318,0.8317,0.8291,0.8255,0.8318,0.827,339.2714,388.6407,385.4639,387.3937,397.2787,356.3457,390.7788,399.1117,572.0796,607.1706,422.3535,85.8606,0.8301,0.0024,0.5137,0.01,0.7792,0.0044,0.7407,0.0069,0.7792,0.0044,50,info_gain,minkowski_p_4,shepards
0.7909,0.7978,0.782,0.7799,0.7909,0.7885,0.7879,0.789,0.7936,0.7837,1274.8026,1262.7449,1316.9624,1288.5096,1320.595,1293.5729,1366.7983,1325.7301,1282.5141,1347.7842,1308.0014,31.5927,0.7884,0.0051,0.4265,0.0122,0.7157,0.0066,0.711,0.0061,0.7157,0.0066,1,relief,minkowski_p_1,majority
0.7904,0.7976,0.7848,0.7784,0.7867,0.7871,0.7841,0.7857,0.7929,0.7844,1802.5557,1763.5708,1812.7566,1836.1951,1880.416,1872.8826,1899.5171,1872.2368,1773.7439,1774.7957,1828.867,47.6429,0.7872,0.005,0.4262,0.0124,0.7143,0.0064,0.712,0.0064,0.7143,0.0064,1,relief,minkowski_p_3,majority
0.7909,0.8,0.784,0.7795,0.7884,0.788,0.7844,0.7863,0.7934,0.7824,1573.9309,1642.8271,1647.6106,1646.4199,4293.7916,1767.9521,1780.7373,1820.311,1745.9071,1540.0123,1945.95,787.46,0.7877,0.0056,0.4275,0.0139,0.715,0.0073,0.7126,0.007,0.715,0.0073,1,relief,minkowski_p_4,majority
0.8105,0.8166,0.8119,0.8113,0.816,0.8144,0.8112,0.8124,0.8166,0.8079,1259.8153,1241.3652,1294.2272,1266.819,1302.4919,1272.5776,1343.4534,1306.1661,1260.2143,1327.0249,1287.4155,30.9857,0.8129,0.0028,0.4795,0.0077,0.7501,0.0047,0.7312,0.0046,0.7501,0.0047,3,relief,minkowski_p_1,majority
0.8165,0.8179,0.8066,0.8153,0.816,0.8117,0.8074,0.8089,0.8143,0.8131,1776.7349,1738.5389,1785.0351,1808.3859,1853.7747,1841.7008,1870.8362,1841.5074,1746.4619,1767.45,1803.0426,44.5169,0.8128,0.0038,0.482,0.0133,0.7496,0.0053,0.7337,0.0082,0.7496,0.0053,3,relief,minkowski_p_3,majority
0.8158,0.819,0.8063,0.8148,0.8158,0.8115,0.8076,0.81,0.8128,0.8144,1551.7943,1621.3501,1625.6371,1623.293,4270.7183,1745.865,1760.7436,1799.5007,1745.105,1540.3471,1928.4354,785.4646,0.8128,0.0038,0.4824,0.0128,0.7496,0.0053,0.7341,0.0079,0.7496,0.0053,3,relief,minkowski_p_4,majority
0.8226,0.8255,0.8196,0.8204,0.8267,0.8247,0.816,0.8164,0.8199,0.8199,1260.8768,1240.8033,1293.5167,1266.0871,1302.304,1273.2132,1342.6819,1304.522,1258.8546,1325.6428,1286.8502,30.6812,0.8212,0.0034,0.4973,0.0117,0.763,0.0052,0.7373,0.007,0.763,0.0052,5,relief,minkowski_p_1,majority
0.8182,0.8259,0.8145,0.8235,0.8204,0.8201,0.8178,0.8197,0.8212,0.8175,1776.0668,1738.9094,1784.5556,1808.3679,1853.5903,1841.0687,1870.2154,1841.7452,1746.4329,1767.5091,1802.8461,44.3722,0.8199,0.003,0.4963,0.009,0.7607,0.0048,0.738,0.0051,0.7607,0.0048,5,relief,minkowski_p_3,majority
0.8182,0.8266,0.8163,0.8232,0.8209,0.8201,0.8167,0.818,0.8214,0.8168,1551.8084,1621.3777,1626.1802,1624.1608,4270.8224,1746.082,1759.303,1796.5995,1741.8722,1537.5578,1927.5764,785.7273,0.8198,0.0031,0.4962,0.0099,0.7605,0.005,0.738,0.0057,0.7605,0.005,5,relief,minkowski_p_4,majority
0.8304,0.8283,0.8296,0.8314,0.8331,0.8291,0.8227,0.8266,0.8243,0.8237,1257.3844,1238.6307,1291.404,1263.4525,1299.638,1270.1833,1340.1462,1302.7321,1255.8901,1323.1498,1284.2611,30.8297,0.8279,0.0033,0.5141,0.0098,0.7736,0.0056,0.7442,0.0049,0.7736,0.0056,7,relief,minkowski_p_1,majority
0.8257,0.8308,0.8236,0.8319,0.8327,0.828,0.8176,0.8248,0.8274,0.8233,1773.5452,1738.0974,1784.8169,1808.1446,1854.0033,1841.0145,1870.1599,1842.0529,1746.8441,1767.2653,1802.5944,44.663,0.8266,0.0043,0.5126,0.0126,0.771,0.0071,0.7447,0.0064,0.771,0.0071,7,relief,minkowski_p_3,majority
0.8253,0.8314,0.8241,0.8319,0.8324,0.8288,0.8191,0.825,0.826,0.8237,1552.1342,1621.2765,1626.0093,1623.055,4270.6974,1745.9713,1759.2825,1796.7544,1741.8171,1537.4908,1927.4489,785.7327,0.8268,0.0041,0.5142,0.0119,0.7711,0.0066,0.7458,0.0062,0.7711,0.0066,7,relief,minkowski_p_4,majority
0.8304,0.8277,0.8382,0.8383,0.8362,0.8339,0.8289,0.8319,0.8362,0.8299,1257.1694,1238.9435,1291.3416,1263.2219,1299.7142,1270.0294,1340.3315,1302.2334,1256.1089,1323.0961,1284.219,30.8048,0.8332,0.0037,0.527,0.0123,0.7822,0.0066,0.7494,0.0068,0.7822,0.0066,15,relief,minkowski_p_1,majority
0.8306,0.8288,0.8371,0.8352,0.8333,0.8302,0.8298,0.8306,0.832,0.823,1773.2779,1738.1101,1784.5907,1808.1084,1853.9751,1841.0597,1869.9719,1841.4976,1746.5773,1767.2583,1802.4427,44.6445,0.8311,0.0036,0.525,0.0112,0.7778,0.0064,0.7504,0.0057,0.7778,0.0064,15,relief,minkowski_p_3,majority
0.8317,0.827,0.8374,0.833,0.834,0.8304,0.8298,0.831,0.8327,0.8226,1551.7455,1621.2969,1625.7353,1623.6378,4270.4065,1746.1963,1759.7059,1797.0519,1743.9271,1537.7591,1927.7462,785.5696,0.8309,0.0038,0.5254,0.011,0.7774,0.0066,0.751,0.0054,0.7774,0.0066,15,relief,minkowski_p_4,majority
0.8321,0.8332,0.8369,0.8387,0.8382,0.8339,0.8305,0.8299,0.836,0.8326,1257.5775,1239.1079,1290.1043,1260.8658,1300.6916,1270.1083,1340.6654,1302.5194,1256.4018,1323.4384,1284.148,31.0294,0.8342,0.003,0.5285,0.011,0.7842,0.0053,0.7492,0.006,0.7842,0.0053,25,relief,minkowski_p_1,majority
0.8301,0.8301,0.8378,0.8345,0.8353,0.8304,0.8285,0.8328,0.8349,0.8266,1774.4058,1738.6397,1786.1747,1812.0944,1857.7747,1844.2635,1872.8038,1844.1042,1749.7901,1767.831,1804.7882,45.4169,0.8321,0.0033,0.5251,0.0108,0.7802,0.0061,0.749,0.0054,0.7802,0.0061,25,relief,minkowski_p_3,majority
0.8306,0.8303,0.8367,0.8321,0.8356,0.8308,0.8296,0.8317,0.8347,0.8262,1555.7138,1624.4904,1628.4555,1627.0026,4273.2872,1748.8206,1761.1699,1799.7105,1745.394,1539.4293,1930.3474,785.6263,0.8318,0.003,0.5246,0.0096,0.7796,0.0056,0.7489,0.0048,0.7796,0.0056,25,relief,minkowski_p_4,majority
0.829,0.8308,0.8327,0.8341,0.8378,0.8297,0.8273,0.8339,0.834,0.8268,1267.0612,1247.9473,1298.3803,1269.7927,1307.0752,1277.4862,1347.6686,1308.8144,1263.0457,1329.0189,1291.6291,30.2051,0.8316,0.0033,0.5181,0.0116,0.7814,0.0061,0.7428,0.0064,0.7814,0.0061,50,relief,minkowski_p_1,majority
0.831,0.8303,0.8325,0.8383,0.8371,0.8312,0.8249,0.8326,0.8309,0.8262,1778.8688,1743.6877,1791.6701,1816.3202,1860.6809,1849.015,1876.8353,1848.2038,1753.7564,1773.8044,1809.2843,44.9755,0.8315,0.0039,0.521,0.0133,0.78,0.0064,0.7459,0.0072,0.78,0.0064,50,relief,minkowski_p_3,majority
0.831,0.8305,0.8323,0.8369,0.8358,0.8308,0.8247,0.8328,0.8316,0.8284,1557.9978,1628.0609,1632.5642,1629.5969,4277.3679,1751.8551,1767.6677,1803.0622,1774.2442,1545.8682,1936.8285,785.1083,0.8315,0.0033,0.5214,0.0119,0.7798,0.0053,0.7463,0.0068,0.7798,0.0053,50,relief,minkowski_p_4,majority
0.7909,0.7978,0.782,0.7799,0.7909,0.7885,0.7879,0.789,0.7936,0.7837,1257.9556,1238.8226,1291.4261,1263.7059,1300.2042,1270.1307,1340.4878,1302.2782,1256.1414,1323.333,1284.4486,30.8016,0.7884,0.0051,0.4265,0.0122,0.7157,0.0066,0.711,0.0061,0.7157,0.0066,1,relief,minkowski_p_1,inverse_distance
0.7904,0.7976,0.7848,0.7784,0.7867,0.7871,0.7841,0.7857,0.7929,0.7844,1773.4423,1738.6534,1784.7756,1808.187,1853.7026,1841.0051,1869.971,1841.4737,1746.9939,1767.365,1802.557,44.4502,0.7872,0.005,0.4262,0.0124,0.7143,0.0064,0.712,0.0064,0.7143,0.0064,1,relief,minkowski_p_3,inverse_distance
0.7909,0.8,0.784,0.7795,0.7884,0.788,0.7844,0.7863,0.7934,0.7824,1551.626,1621.617,1625.771,1623.0556,4270.7093,1745.6941,1759.2843,1796.8854,1741.6908,1537.3777,1927.3711,785.7692,0.7877,0.0056,0.4275,0.0139,0.715,0.0073,0.7126,0.007,0.715,0.0073,1,relief,minkowski_p_4,inverse_distance
0.8056,0.797,0.7986,0.8106,0.8153,0.8119,0.8059,0.8076,0.8115,0.7851,1257.3345,1238.9715,1291.3474,1263.1985,1299.6101,1270.0863,1340.5584,1302.341,1256.3931,1323.0751,1284.2916,30.7993,0.8049,0.0086,0.4661,0.014,0.7408,0.0108,0.7287,0.0149,0.7408,0.0108,3,relief,minkowski_p_1,inverse_distance
0.8165,0.8175,0.8063,0.8155,0.816,0.8115,0.8078,0.8087,0.8148,0.8131,1773.2845,1738.4174,1785.2027,1808.3426,1853.6193,1841.0112,1869.9831,1841.4099,1746.4607,1767.2348,1802.4966,44.5441,0.8128,0.0038,0.4821,0.0135,0.7496,0.0053,0.7338,0.0084,0.7496,0.0053,3,relief,minkowski_p_3,inverse_distance
0.8158,0.8188,0.8063,0.8151,0.8158,0.8113,0.8081,0.8098,0.8132,0.8146,1551.6374,1621.6136,1625.9344,1623.0002,4270.8444,1745.8586,1759.4703,1797.1651,1742.3406,1537.5252,1927.539,785.7699,0.8129,0.0037,0.4827,0.0131,0.7497,0.0052,0.7342,0.0081,0.7497,0.0052,3,relief,minkowski_p_4,inverse_distance
0.8116,0.8087,0.8021,0.819,0.8267,0.8196,0.8158,0.8091,0.8185,0.8008,1257.1733,1238.8145,1291.8688,1263.2978,1299.6508,1270.373,1340.354,1302.0798,1256.4373,1323.1638,1284.3213,30.7858,0.8132,0.0078,0.4817,0.0211,0.7538,0.0126,0.7335,0.0209,0.7538,0.0126,5,relief,minkowski_p_1,inverse_distance
0.8191,0.825,0.8145,0.8232,0.8211,0.8198,0.818,0.8195,0.8212,0.8155,1773.6523,1738.3328,1784.9658,1808.8271,1853.7138,1840.9857,1870.4652,1841.6609,1746.5607,1767.5676,1802.6732,44.6129,0.8197,0.003,0.4973,0.0101,0.7602,0.0048,0.7392,0.0068,0.7602,0.0048,5,relief,minkowski_p_3,inverse_distance
0.818,0.8246,0.8161,0.823,0.8211,0.8198,0.8169,0.8175,0.8214,0.8157,1551.984,1621.4125,1626.0026,1623.2915,4271.1349,1746.3072,1759.2528,1799.2237,1742.6942,1537.5261,1927.883,785.7859,0.8194,0.0029,0.4962,0.0107,0.7598,0.0046,0.7386,0.0071,0.7598,0.0046,5,relief,minkowski_p_4,inverse_distance
0.8235,0.8168,0.8159,0.8235,0.8329,0.8262,0.8165,0.8142,0.8192,0.8017,1257.4977,1239.1922,1291.4163,1264.0502,1300.0966,1270.4143,1341.2406,1302.5157,1256.6948,1323.6275,1284.6746,30.8828,0.819,0.0079,0.4934,0.0242,0.7626,0.0136,0.7371,0.0216,0.7626,0.0136,7,relief,minkowski_p_1,inverse_distance
0.8266,0.8288,0.8238,0.831,0.8329,0.8282,0.818,0.8253,0.8258,0.8171,1773.6544,1738.751,1784.6106,1808.5888,1853.6581,1841.1824,1870.8705,1842.5288,1746.6309,1767.843,1802.8319,44.682,0.8257,0.0048,0.5125,0.0135,0.7697,0.0081,0.7458,0.009,0.7697,0.0081,7,relief,minkowski_p_3,inverse_distance
0.8262,0.8305,0.8243,0.8305,0.8329,0.8282,0.8191,0.8264,0.8263,0.8213,1552.2281,1621.9473,1626.4451,1624.0756,4271.3195,1746.7567,1760.0109,1797.1761,1742.4183,1538.023,1928.0401,785.75,0.8266,0.004,0.5149,0.012,0.7706,0.0068,0.7469,0.0072,0.7706,0.0068,7,relief,minkowski_p_4,inverse_distance
0.8253,0.8148,0.8243,0.8312,0.8344,0.8271,0.8229,0.8215,0.821,0.8075,1258.1352,1239.3903,1292.1843,1264.2396,1300.3426,1270.6836,1340.9774,1302.5391,1256.7028,1323.4405,1284.8636,30.7315,0.823,0.0073,0.5016,0.0251,0.7698,0.0145,0.7399,0.0238,0.7698,0.0145,15,relief,minkowski_p_1,inverse_distance
0.8275,0.8274,0.8358,0.835,0.8327,0.8295,0.8298,0.8255,0.8294,0.8222,1773.8255,1738.6867,1785.0408,1808.8528,1854.2271,1841.5664,1870.7173,1842.4327,1747.2315,1767.7018,1803.0283,44.6681,0.8295,0.004,0.5223,0.0165,0.7753,0.0069,0.7503,0.0123,0.7753,0.0069,15,relief,minkowski_p_3,inverse_distance
0.8319,0.8263,0.8367,0.8332,0.8347,0.8288,0.8293,0.8268,0.832,0.8213,1552.4092,1621.7368,1626.3457,1624.3786,4271.8267,1746.2432,1770.0592,1817.5911,1760.4034,1557.5377,1934.8532,784.0027,0.8301,0.0043,0.5243,0.0142,0.7761,0.0075,0.7513,0.0096,0.7761,0.0075,15,relief,minkowski_p_4,inverse_distance
0.8209,0.8186,0.8221,0.8288,0.8353,0.8302,0.8276,0.8204,0.8296,0.8113,1277.1123,1258.6997,1310.8155,1282.6065,1320.6323,1290.6189,1359.8814,1322.4965,1261.6345,1323.859,1300.8357,30.4776,0.8245,0.0067,0.5041,0.0218,0.773,0.0158,0.7403,0.0231,0.773,0.0158,25,relief,minkowski_p_1,inverse_distance
0.8319,0.8305,0.8312,0.8301,0.8351,0.8312,0.8271,0.8279,0.8347,0.8253,1790.7425,1757.2596,1804.4459,1828.7525,1874.1564,1861.3411,1890.6431,1861.3857,1765.5169,1784.7233,1821.8967,45.4236,0.8305,0.003,0.5211,0.0116,0.7783,0.007,0.7475,0.0104,0.7783,0.007,25,relief,minkowski_p_3,inverse_distance
0.8315,0.8308,0.8351,0.8321,0.8347,0.8319,0.8278,0.8284,0.8336,0.8246,1552.2608,1621.8361,1626.476,1623.7968,4271.0409,1746.3539,1759.8872,1797.2619,1742.6414,1538.0623,1927.9617,785.6826,0.831,0.0031,0.5231,0.0119,0.7787,0.0064,0.7487,0.0094,0.7787,0.0064,25,relief,minkowski_p_4,inverse_distance
0.8229,0.8153,0.8187,0.8279,0.8362,0.8266,0.8209,0.8213,0.8267,0.8108,1257.8534,1239.5154,1292.792,1263.7859,1300.3927,1270.6553,1340.9796,1302.9641,1256.5538,1323.6457,1284.9138,30.8517,0.8227,0.0068,0.5002,0.0221,0.7705,0.0159,0.7389,0.0239,0.7705,0.0159,50,relief,minkowski_p_1,inverse_distance
0.8321,0.8319,0.8289,0.8336,0.836,0.8295,0.8251,0.8319,0.8298,0.8239,1773.9094,1739.0439,1785.404,1808.7977,1854.2456,1843.4492,1871.0722,1842.127,1746.996,1767.552,1803.2597,44.8321,0.8303,0.0035,0.5213,0.0134,0.7777,0.0073,0.7481,0.0115,0.7777,0.0073,50,relief,minkowski_p_3,inverse_distance
0.8326,0.8334,0.832,0.8361,0.8342,0.831,0.8231,0.8337,0.8291,0.8237,1551.8814,1621.657,1626.3396,1623.604,4271.1675,1746.2117,1759.7648,1797.4594,1742.5775,1537.9917,1927.8655,785.7659,0.8309,0.0041,0.5237,0.0148,0.7781,0.0071,0.7495,0.0106,0.7781,0.0071,50,relief,minkowski_p_4,inverse_distance
0.7909,0.7978,0.782,0.7799,0.7909,0.7885,0.7879,0.789,0.7936,0.7837,1257.6199,1239.0032,1291.8073,1264.1996,1300.191,1270.6199,1341.192,1302.7135,1256.4822,1323.4,1284.7229,30.8874,0.7884,0.0051,0.4265,0.0122,0.7157,0.0066,0.711,0.0061,0.7157,0.0066,1,relief,minkowski_p_1,shepards
0.7904,0.7976,0.7848,0.7784,0.7867,0.7871,0.7841,0.7857,0.7929,0.7844,1773.606,1738.5463,1785.2094,1808.9388,1854.4011,1841.2277,1870.1625,1841.7844,1746.853,1767.9136,1802.8643,44.5779,0.7872,0.005,0.4262,0.0124,0.7143,0.0064,0.712,0.0064,0.7143,0.0064,1,relief,minkowski_p_3,shepards
0.7909,0.8,0.784,0.7795,0.7884,0.788,0.7844,0.7863,0.7934,0.7824,1551.9314,1621.8124,1626.0942,1623.412,4270.7314,1745.8532,1759.6381,1797.0271,1742.1451,1537.5552,1927.62,785.6943,0.7877,0.0056,0.4275,0.0139,0.715,0.0073,0.7126,0.007,0.715,0.0073,1,relief,minkowski_p_4,shepards
0.7712,0.7658,0.7472,0.7826,0.792,0.7966,0.7799,0.7823,0.7945,0.7653,1257.3078,1239.2857,1291.7297,1263.7096,1298.3734,1267.5322,1337.4015,1299.4665,1253.5109,1320.4585,1282.8776,29.997,0.7777,0.0147,0.3913,0.0303,0.7101,0.013,0.694,0.0356,0.7101,0.013,3,relief,minkowski_p_1,shepards
0.8149,0.7996,0.797,0.816,0.8164,0.8119,0.8054,0.8069,0.8148,0.7948,1770.6463,1735.1894,1781.5409,1805.3422,1850.9146,1837.9406,1867.0444,1838.4169,1743.4857,1764.2815,1799.4802,44.6104,0.8078,0.0078,0.4751,0.0167,0.7434,0.0102,0.7334,0.0123,0.7434,0.0102,3,relief,minkowski_p_3,shepards
0.8158,0.8124,0.8048,0.8144,0.8158,0.8113,0.8076,0.8104,0.8132,0.8106,1548.8187,1618.6649,1623.0409,1620.624,4268.5084,1743.7017,1757.7627,1795.2215,1739.1529,1534.8545,1925.035,785.8525,0.8116,0.0033,0.4813,0.0122,0.7479,0.0047,0.7345,0.0085,0.7479,0.0047,3,relief,minkowski_p_4,shepards
0.7472,0.7364,0.7197,0.772,0.7776,0.7799,0.7569,0.7609,0.7852,0.7407,1254.6507,1235.715,1288.4728,1260.3665,1296.7112,1267.0563,1337.2213,1298.9903,1253.0343,1320.0292,1281.2248,30.7526,0.7576,0.0204,0.3439,0.0393,0.6882,0.0152,0.6744,0.0445,0.6882,0.0152,5,relief,minkowski_p_1,shepards
0.8145,0.8182,0.8015,0.8202,0.8222,0.8176,0.8147,0.8149,0.8174,0.8035,1770.4275,1735.4117,1781.492,1805.1838,1850.4676,1837.9577,1867.0488,1838.4367,1743.3574,1764.1692,1799.3952,44.57,0.8145,0.0064,0.4865,0.0165,0.7544,0.0098,0.7362,0.017,0.7544,0.0098,5,relief,minkowski_p_3,shepards
0.8195,0.8228,0.8148,0.823,0.822,0.8198,0.816,0.8182,0.8201,0.8086,1548.4419,1618.2049,1622.7412,1620.049,4267.5139,1742.7423,1756.1599,1793.6419,1738.7429,1534.4676,1924.2706,785.7371,0.8185,0.0042,0.4952,0.0125,0.7588,0.0067,0.7389,0.0102,0.7588,0.0067,5,relief,minkowski_p_4,shepards
0.7271,0.7174,0.6955,0.7669,0.7658,0.7689,0.7387,0.7503,0.7845,0.7247,1254.086,1235.4937,1288.3586,1260.1708,1296.6098,1267.0301,1337.2691,1299.0292,1253.3208,1319.956,1281.1324,30.8169,0.744,0.0265,0.3133,0.0414,0.6742,0.0196,0.6612,0.047,0.6742,0.0196,7,relief,minkowski_p_1,shepards
0.82,0.8232,0.8132,0.8283,0.8296,0.8291,0.8176,0.8206,0.8254,0.8131,1770.1776,1735.1777,1781.5538,1805.0619,1850.479,1837.9863,1867.0477,1838.5495,1743.4367,1764.1494,1799.362,44.621,0.822,0.0059,0.5036,0.0163,0.7658,0.0111,0.7426,0.0169,0.7658,0.0111,7,relief,minkowski_p_3,shepards
0.8226,0.8285,0.8207,0.8277,0.832,0.826,0.8169,0.8235,0.8238,0.8166,1548.4911,1618.1073,1622.7631,1620.0802,4267.6278,1742.6961,1756.4139,1793.6496,1738.7135,1534.3219,1924.2864,785.7739,0.8238,0.0047,0.5091,0.0166,0.7671,0.0084,0.7453,0.014,0.7671,0.0084,7,relief,minkowski_p_4,shepards
0.6839,0.6779,0.6342,0.7523,0.7509,0.7514,0.7074,0.7255,0.7691,0.6821,1254.1354,1235.8188,1288.3652,1260.2406,1296.6385,1267.0657,1337.1821,1299.0766,1253.0112,1319.9405,1281.1475,30.7729,0.7135,0.0413,0.2522,0.0402,0.6428,0.0204,0.6343,0.0462,0.6428,0.0204,15,relief,minkowski_p_1,shepards
0.8253,0.8199,0.8243,0.8314,0.8344,0.831,0.8247,0.8217,0.8254,0.8142,1770.3215,1735.1556,1781.5224,1805.1557,1850.5508,1837.9217,1867.0025,1838.6089,1743.3461,1764.1515,1799.3737,44.6295,0.8252,0.0057,0.511,0.0195,0.7713,0.0117,0.7456,0.0198,0.7713,0.0117,15,relief,minkowski_p_3,shepards
0.8279,0.8279,0.8316,0.8319,0.8342,0.8304,0.8289,0.8259,0.83,0.8197,1548.4391,1618.2559,1622.7552,1620.0358,4267.4685,1742.6538,1756.2038,1793.6109,1738.7546,1534.3995,1924.2577,785.7264,0.8288,0.0038,0.5209,0.0153,0.775,0.008,0.7499,0.0142,0.775,0.008,15,relief,minkowski_p_4,shepards
0.6612,0.6438,0.5883,0.7424,0.7402,0.7413,0.6893,0.7155,0.7651,0.6534,1254.2063,1235.5532,1288.4064,1260.3183,1296.7227,1267.0908,1337.2923,1299.0447,1253.3226,1320.0578,1281.2015,30.8093,0.6941,0.0535,0.2201,0.035,0.6263,0.0216,0.6198,0.042,0.6263,0.0216,25,relief,minkowski_p_1,shepards
0.827,0.821,0.8196,0.827,0.8322,0.8288,0.8269,0.823,0.832,0.8146,1770.2925,1735.1219,1781.514,1805.1547,1850.5839,1837.9582,1867.0543,1838.4346,1743.5479,1764.32,1799.3982,44.5975,0.8252,0.0053,0.5079,0.0166,0.7724,0.0124,0.7425,0.0191,0.7724,0.0124,25,relief,minkowski_p_3,shepards
0.8304,0.8288,0.8285,0.8297,0.8336,0.8317,0.8276,0.8286,0.8331,0.821,1548.4538,1618.2056,1622.8857,1619.9786,4267.6515,1742.7512,1756.2386,1793.6249,1738.7774,1534.5519,1924.3119,785.7681,0.8293,0.0033,0.518,0.0123,0.7771,0.0088,0.7463,0.0134,0.7771,0.0088,25,relief,minkowski_p_4,shepards
0.6267,0.6043,0.5316,0.732,0.7291,0.7364,0.6647,0.7016,0.755,0.617,1254.2827,1236.2353,1288.5183,1260.355,1296.8492,1267.206,1337.7257,1299.3707,1253.2452,1320.0585,1281.3847,30.8085,0.6698,0.0694,0.1817,0.0267,0.6065,0.0209,0.6009,0.0343,0.6065,0.0209,50,relief,minkowski_p_1,shepards
0.8266,0.8237,0.8185,0.8281,0.8336,0.8275,0.8238,0.825,0.8232,0.8144,1770.5757,1735.4274,1781.5955,1805.5059,1850.7892,1837.9941,1867.1012,1838.5352,1743.6292,1764.2643,1799.5418,44.5732,0.8244,0.005,0.5063,0.0201,0.771,0.0113,0.7423,0.0211,0.771,0.0113,50,relief,minkowski_p_3,shepards
0.8297,0.8316,0.8289,0.8345,0.8342,0.8295,0.8238,0.8308,0.8227,0.825,1548.5786,1618.3351,1622.8662,1620.1561,4267.6322,1743.2276,1756.5629,1793.8185,1739.6785,1537.7004,1924.8556,785.5471,0.8291,0.0039,0.5184,0.0196,0.7761,0.0074,0.7473,0.0164,0.7761,0.0074,50,relief,minkowski_p_4,shepards
0.7856,0.7983,0.7809,0.774,0.7876,0.7863,0.7835,0.7874,0.7903,0.7791,493.6783,483.4556,483.5869,483.7355,483.2528,483.4677,483.9267,483.7493,483.7753,483.397,484.6025,3.0315,0.7853,0.0063,0.4216,0.0144,0.7118,0.008,0.7098,0.007,0.7118,0.008,1,relief,cosine,shepards
0.8114,0.8177,0.8026,0.814,0.8131,0.8117,0.8087,0.8071,0.8152,0.8126,503.79,482.7533,484.2644,484.0357,483.6893,483.6257,483.3815,484.2085,484.7474,484.2409,485.8737,5.9954,0.8114,0.0041,0.4797,0.013,0.7476,0.0058,0.7332,0.0076,0.7476,0.0058,3,relief,cosine,shepards
0.8187,0.8168,0.8057,0.8208,0.8211,0.8192,0.8136,0.8166,0.821,0.8031,493.7194,483.668,483.4261,483.9186,483.8805,484.1429,484.0778,484.0028,483.3151,484.097,484.8248,2.9771,0.8157,0.0061,0.4909,0.0138,0.7549,0.0089,0.7386,0.012,0.7549,0.0089,5,relief,cosine,shepards
0.8251,0.8248,0.8092,0.8279,0.8324,0.8255,0.8165,0.8202,0.8227,0.8108,493.8563,484.6735,483.888,483.4904,483.7541,482.9857,483.7132,484.404,484.5107,483.9565,484.9232,3.0157,0.8215,0.007,0.5053,0.0176,0.764,0.0109,0.7448,0.0148,0.764,0.0109,7,relief,cosine,shepards
0.8301,0.8266,0.8285,0.8314,0.836,0.8312,0.8267,0.825,0.8305,0.8182,493.6291,483.9615,483.9573,483.7547,483.8365,483.7081,483.8164,484.3292,485.2636,484.298,485.0555,2.8911,0.8284,0.0045,0.5218,0.015,0.7739,0.0087,0.7514,0.0137,0.7739,0.0087,15,relief,cosine,shepards
0.8299,0.827,0.825,0.8305,0.8344,0.8297,0.8327,0.8242,0.8362,0.8175,493.5772,484.2758,482.5506,483.7141,485.0546,484.0769,482.6965,483.1244,486.9886,484.9698,485.1028,3.0866,0.8287,0.0052,0.5209,0.0158,0.7753,0.0103,0.7501,0.015,0.7753,0.0103,25,relief,cosine,shepards
0.8317,0.8285,0.8258,0.8361,0.8353,0.8273,0.824,0.8281,0.8298,0.8173,494.0802,484.484,483.8299,484.4985,485.0345,485.0378,483.2426,484.39,484.9637,487.9965,485.7558,3.0177,0.8284,0.0052,0.5216,0.0173,0.7744,0.0099,0.7513,0.016,0.7744,0.0099,50,relief,cosine,shepards
0.7909,0.7978,0.782,0.7799,0.7909,0.7885,0.7879,0.789,0.7936,0.7837,83.4662,59.8091,79.3327,62.1437,84.2542,100.4748,87.9954,89.7232,91.2903,86.3164,82.4806,12.0025,0.7884,0.0051,0.4265,0.0122,0.7157,0.0066,0.711,0.0061,0.7157,0.0066,1,uniform,minkowski_p_1,majority
0.8105,0.8166,0.8119,0.8113,0.816,0.8144,0.8112,0.8124,0.8166,0.8079,92.2066,66.0886,90.8285,53.1074,76.1572,85.2901,77.3834,81.1546,81.7707,105.4682,80.9455,13.6995,0.8129,0.0028,0.4795,0.0077,0.7501,0.0047,0.7312,0.0046,0.7501,0.0047,3,uniform,minkowski_p_1,majority
0.8226,0.8255,0.8196,0.8204,0.8267,0.8247,0.816,0.8164,0.8199,0.8199,94.612,66.0048,92.3468,58.0827,83.7484,84.8484,85.5334,95.9157,67.5714,87.7242,81.6388,12.4537,0.8212,0.0034,0.4973,0.0117,0.763,0.0052,0.7373,0.007,0.763,0.0052,5,uniform,minkowski_p_1,majority
0.8304,0.8283,0.8296,0.8314,0.8331,0.8291,0.8227,0.8266,0.8243,0.8237,84.2498,55.1963,81.1386,55.9216,81.8247,93.5383,76.9643,94.4985,77.9535,81.5341,78.282,12.6389,0.8279,0.0033,0.5141,0.0098,0.7736,0.0056,0.7442,0.0049,0.7736,0.0056,7,uniform,minkowski_p_1,majority
0.8257,0.8308,0.8236,0.8319,0.8327,0.828,0.8176,0.8248,0.8274,0.8233,238.0044,336.1788,227.9094,253.0087,210.9156,239.2263,1839.679,265.6218,232.1891,205.5053,404.8239,479.5443,0.8266,0.0043,0.5126,0.0126,0.771,0.0071,0.7447,0.0064,0.771,0.0071,7,uniform,minkowski_p_3,majority
0.8266,0.8285,0.8241,0.8321,0.8322,0.828,0.818,0.825,0.8265,0.8226,3104.5154,278.5112,191.9286,838.274,193.9473,485.0386,223.2902,4300.46,421.1642,387.0863,1042.4216,1368.6711,0.8264,0.0041,0.5136,0.012,0.7704,0.0066,0.7459,0.0064,0.7704,0.0066,7,uniform,minkowski_p_5,majority
0.8266,0.8285,0.8238,0.8316,0.8324,0.8273,0.818,0.8248,0.8267,0.8228,3117.1911,278.5871,206.0068,863.6323,220.902,511.0276,285.479,4321.2781,402.2981,365.6068,1057.2009,1369.9071,0.8263,0.004,0.5144,0.0125,0.77,0.0065,0.7468,0.0071,0.77,0.0065,7,uniform,minkowski_p_5,inverse_distance
0.827,0.8277,0.8245,0.8316,0.8324,0.828,0.8183,0.8253,0.8267,0.8171,3097.236,257.4633,184.4759,834.3556,199.8229,480.0837,210.7569,4296.9991,382.6625,350.3117,1029.4168,1372.608,0.8259,0.0047,0.5146,0.0128,0.7694,0.0078,0.7477,0.0083,0.7694,0.0078,7,uniform,minkowski_p_5,shepards
0.7904,0.7976,0.7848,0.7784,0.7867,0.7871,0.7841,0.7857,0.7929,0.7844,252.249,293.9412,286.2806,291.4051,294.1686,258.7882,289.4835,290.4083,294.0315,306.3993,285.7155,15.969,0.7872,0.005,0.4262,0.0124,0.7143,0.0064,0.712,0.0064,0.7143,0.0064,1,uniform,minkowski_p_3,majority
0.7913,0.8,0.7837,0.7799,0.788,0.7876,0.7839,0.7863,0.7943,0.7809,3099.6643,262.3615,184.0133,834.1715,195.4719,476.4487,213.4105,4298.3127,381.7159,350.7329,1029.6303,1373.3186,0.7876,0.0059,0.4274,0.0142,0.7149,0.0076,0.7126,0.007,0.7149,0.0076,1,uniform,minkowski_p_5,majority
0.8165,0.8179,0.8066,0.8153,0.816,0.8117,0.8074,0.8089,0.8143,0.8131,247.608,290.8958,287.6015,288.1322,291.9224,259.0542,287.4823,288.383,291.462,301.1738,283.3715,15.7005,0.8128,0.0038,0.482,0.0133,0.7496,0.0053,0.7337,0.0082,0.7496,0.0053,3,uniform,minkowski_p_3,majority
0.8145,0.8197,0.8057,0.8164,0.8147,0.8111,0.8085,0.8091,0.8119,0.8144,3095.8667,258.8235,182.787,833.2487,195.5168,477.3485,212.8679,4295.0772,380.1769,349.6734,1028.1387,1372.3811,0.8126,0.0039,0.482,0.0131,0.7493,0.0056,0.7339,0.0079,0.7493,0.0056,3,uniform,minkowski_p_5,majority
0.8182,0.8259,0.8145,0.8235,0.8204,0.8201,0.8178,0.8197,0.8212,0.8175,247.3725,288.2418,284.9776,287.8201,293.8793,259.545,288.472,288.1744,291.521,304.6042,283.4608,16.0822,0.8199,0.003,0.4963,0.009,0.7607,0.0048,0.738,0.0051,0.7607,0.0048,5,uniform,minkowski_p_3,majority
0.8182,0.8263,0.8168,0.8255,0.8209,0.8192,0.8183,0.8184,0.8221,0.8177,3101.9929,263.5126,192.677,837.9918,202.2119,481.7134,218.634,4309.7281,389.1217,359.861,1035.7444,1374.005,0.8203,0.0031,0.4978,0.0099,0.7613,0.0052,0.7388,0.0055,0.7613,0.0052,5,uniform,minkowski_p_5,majority
0.8304,0.8277,0.8382,0.8383,0.8362,0.8339,0.8289,0.8319,0.8362,0.8299,92.9809,66.2928,91.3312,59.0932,85.5828,87.8267,85.4226,93.4311,68.0387,86.5401,81.654,11.7584,0.8332,0.0037,0.527,0.0123,0.7822,0.0066,0.7494,0.0068,0.7822,0.0066,15,uniform,minkowski_p_1,majority
0.8306,0.8288,0.8371,0.8352,0.8333,0.8302,0.8298,0.8306,0.832,0.823,247.4871,288.5391,284.9022,289.9901,294.0764,259.0584,289.3814,288.9227,295.2907,303.5295,284.1178,16.3586,0.8311,0.0036,0.525,0.0112,0.7778,0.0064,0.7504,0.0057,0.7778,0.0064,15,uniform,minkowski_p_3,majority
0.8323,0.827,0.8367,0.8327,0.8333,0.8288,0.8285,0.8301,0.8309,0.8233,3101.5373,261.3327,183.4031,832.5068,195.9918,476.1344,210.7781,4294.3974,378.4655,348.9847,1028.3532,1373.166,0.8304,0.0036,0.5238,0.0103,0.7765,0.0063,0.7503,0.0051,0.7765,0.0063,15,uniform,minkowski_p_5,majority
0.8321,0.8332,0.8369,0.8387,0.8382,0.8339,0.8305,0.8299,0.836,0.8326,89.796,65.1652,89.6905,58.1303,84.5112,86.9864,84.4439,92.8108,67.803,86.4461,80.5783,11.5248,0.8342,0.003,0.5285,0.011,0.7842,0.0053,0.7492,0.006,0.7842,0.0053,25,uniform,minkowski_p_1,majority
0.8301,0.8301,0.8378,0.8345,0.8353,0.8304,0.8285,0.8328,0.8349,0.8266,246.9657,288.4104,284.3583,286.3106,292.3611,258.4345,287.9948,287.7228,290.9934,301.751,282.5303,15.7866,0.8321,0.0033,0.5251,0.0108,0.7802,0.0061,0.749,0.0054,0.7802,0.0061,25,uniform,minkowski_p_3,majority
0.829,0.8303,0.8374,0.8319,0.8349,0.8304,0.828,0.831,0.8338,0.8255,3108.6734,258.731,277.8143,1698.5731,196.0356,475.1308,209.2744,4294.3529,378.3267,347.4804,1124.4393,1380.6811,0.8312,0.0033,0.5232,0.0102,0.7786,0.0061,0.7484,0.005,0.7786,0.0061,25,uniform,minkowski_p_5,majority
0.829,0.8308,0.8327,0.8341,0.8378,0.8297,0.8273,0.8339,0.834,0.8268,91.3061,65.6181,109.0823,60.0713,87.4877,86.9238,84.7961,95.6699,69.5171,452.8993,120.3372,111.7332,0.8316,0.0033,0.5181,0.0116,0.7814,0.0061,0.7428,0.0064,0.7814,0.0061,50,uniform,minkowski_p_1,majority
0.831,0.8303,0.8325,0.8383,0.8371,0.8312,0.8249,0.8326,0.8309,0.8262,250.9071,291.1157,288.0087,288.9198,292.5076,258.0986,287.3299,287.7768,289.5114,299.9679,283.4144,14.9552,0.8315,0.0039,0.521,0.0133,0.78,0.0064,0.7459,0.0072,0.78,0.0064,50,uniform,minkowski_p_3,majority
0.8319,0.8297,0.8325,0.8369,0.8362,0.8321,0.8245,0.8334,0.8333,0.829,3096.713,260.3202,183.5186,1035.2514,198.5461,477.2744,209.8311,4295.3895,380.1092,350.4302,1048.7384,1370.8828,0.832,0.0034,0.5229,0.0119,0.7805,0.0055,0.747,0.0067,0.7805,0.0055,50,uniform,minkowski_p_5,majority
0.7909,0.7978,0.782,0.7799,0.7909,0.7885,0.7879,0.789,0.7936,0.7837,92.9318,65.7035,89.004,56.7719,83.5538,86.7684,86.2072,94.3242,68.2324,87.0904,81.0588,12.1323,0.7884,0.0051,0.4265,0.0122,0.7157,0.0066,0.711,0.0061,0.7157,0.0066,1,uniform,minkowski_p_1,inverse_distance
0.7904,0.7976,0.7848,0.7784,0.7867,0.7871,0.7841,0.7857,0.7929,0.7844,247.7006,290.2664,284.2458,288.1265,291.9511,257.6625,287.0598,287.1984,291.1537,1070.0805,359.5445,237.2877,0.7872,0.005,0.4262,0.0124,0.7143,0.0064,0.712,0.0064,0.7143,0.0064,1,uniform,minkowski_p_3,inverse_distance
0.7913,0.8,0.7837,0.7799,0.788,0.7876,0.7839,0.7863,0.7943,0.7809,3101.1479,258.4955,309.736,930.6184,230.0571,535.1845,5387.2351,4300.2261,1499.7283,350.6655,1690.3094,1797.226,0.7876,0.0059,0.4274,0.0142,0.7149,0.0076,0.7126,0.007,0.7149,0.0076,1,uniform,minkowski_p_5,inverse_distance
0.8056,0.797,0.7986,0.8106,0.8153,0.8119,0.8059,0.8076,0.8115,0.7851,93.3501,65.9459,89.7394,58.4199,85.1054,98.307,89.6435,94.484,242.3822,90.6279,100.8005,48.7387,0.8049,0.0086,0.4661,0.014,0.7408,0.0108,0.7287,0.0149,0.7408,0.0108,3,uniform,minkowski_p_1,inverse_distance
0.8165,0.8175,0.8063,0.8155,0.816,0.8115,0.8078,0.8087,0.8148,0.8131,270.6217,311.7893,295.562,287.6233,291.8614,258.2816,288.5236,288.6015,289.7497,298.949,288.1563,13.9524,0.8128,0.0038,0.4821,0.0135,0.7496,0.0053,0.7338,0.0084,0.7496,0.0053,3,uniform,minkowski_p_3,inverse_distance
0.8145,0.8195,0.8057,0.8166,0.8147,0.8108,0.809,0.8089,0.8121,0.8146,3096.5597,258.6536,182.0865,830.4576,193.8775,474.6678,209.8934,4295.1969,383.1093,351.0681,1027.557,1372.7839,0.8126,0.0039,0.4821,0.0134,0.7494,0.0056,0.734,0.0081,0.7494,0.0056,3,uniform,minkowski_p_5,inverse_distance
0.8116,0.8087,0.8021,0.819,0.8267,0.8196,0.8158,0.8091,0.8185,0.8008,93.6789,69.2896,92.1157,60.1614,91.6703,89.6794,92.3171,102.8773,70.5174,88.7348,85.1042,12.8563,0.8132,0.0078,0.4817,0.0211,0.7538,0.0126,0.7335,0.0209,0.7538,0.0126,5,uniform,minkowski_p_1,inverse_distance
0.8191,0.825,0.8145,0.8232,0.8211,0.8198,0.818,0.8195,0.8212,0.8155,249.1864,292.4972,287.8368,289.1854,293.6627,258.6613,288.6116,288.4399,290.191,300.5152,283.8787,15.5342,0.8197,0.003,0.4973,0.0101,0.7602,0.0048,0.7392,0.0068,0.7602,0.0048,5,uniform,minkowski_p_3,inverse_distance
0.818,0.827,0.817,0.8255,0.8209,0.819,0.8185,0.818,0.8221,0.8182,3096.1937,258.9141,182.2201,831.8364,192.4091,475.5701,209.7553,4294.7132,378.9285,348.1094,1026.865,1372.975,0.8204,0.0033,0.4981,0.0104,0.7613,0.0053,0.739,0.0059,0.7613,0.0053,5,uniform,minkowski_p_5,inverse_distance
0.8235,0.8168,0.8159,0.8235,0.8329,0.8262,0.8165,0.8142,0.8192,0.8017,91.1528,65.088,89.1569,58.1453,85.0384,86.7213,84.2498,92.6917,67.0417,86.3299,80.5616,11.6738,0.819,0.0079,0.4934,0.0242,0.7626,0.0136,0.7371,0.0216,0.7626,0.0136,7,uniform,minkowski_p_1,inverse_distance
0.8266,0.8288,0.8238,0.831,0.8329,0.8282,0.818,0.8253,0.8258,0.8171,247.1739,288.5003,285.0688,288.0544,292.7347,257.8832,286.4873,287.2675,289.9228,299.85,282.2943,15.5771,0.8257,0.0048,0.5125,0.0135,0.7697,0.0081,0.7458,0.009,0.7697,0.0081,7,uniform,minkowski_p_3,inverse_distance
0.8253,0.8148,0.8243,0.8312,0.8344,0.8271,0.8229,0.8215,0.821,0.8075,90.3264,65.2424,91.1539,59.4363,85.3009,86.2375,83.6403,92.789,73.004,89.9166,81.7047,11.1074,0.823,0.0073,0.5016,0.0251,0.7698,0.0145,0.7399,0.0238,0.7698,0.0145,15,uniform,minkowski_p_1,inverse_distance
0.8275,0.8274,0.8358,0.835,0.8327,0.8295,0.8298,0.8255,0.8294,0.8222,248.3296,287.8407,286.5698,287.8912,292.4926,259.0215,287.3571,285.6411,289.6131,300.4304,282.5187,15.1605,0.8295,0.004,0.5223,0.0165,0.7753,0.0069,0.7503,0.0123,0.7753,0.0069,15,uniform,minkowski_p_3,inverse_distance
0.8319,0.8266,0.8358,0.8325,0.8331,0.8277,0.8289,0.8266,0.8313,0.821,3096.2975,259.5303,183.3968,832.3755,195.4945,477.0459,211.3435,4296.0008,379.2158,348.4532,1027.9154,1372.811,0.8296,0.004,0.523,0.0128,0.7751,0.007,0.7507,0.0082,0.7751,0.007,15,uniform,minkowski_p_5,inverse_distance
0.8209,0.8186,0.8221,0.8288,0.8353,0.8302,0.8276,0.8204,0.8296,0.8113,91.1896,65.8699,90.964,60.1604,85.0974,88.2584,89.4277,95.6541,68.8903,87.5443,82.3056,11.8067,0.8245,0.0067,0.5041,0.0218,0.773,0.0158,0.7403,0.0231,0.773,0.0158,25,uniform,minkowski_p_1,inverse_distance
0.8319,0.8305,0.8312,0.8301,0.8351,0.8312,0.8271,0.8279,0.8347,0.8253,248.5512,290.0548,286.4349,288.8024,293.2828,259.9169,291.3401,288.9949,290.7253,301.3489,283.9452,15.5353,0.8305,0.003,0.5211,0.0116,0.7783,0.007,0.7475,0.0104,0.7783,0.007,25,uniform,minkowski_p_3,inverse_distance
0.8308,0.8319,0.8356,0.8327,0.8347,0.8319,0.8271,0.8292,0.8322,0.8253,3099.9737,260.269,183.7666,833.7112,196.6658,475.5483,210.487,4295.3921,379.5831,348.5688,1028.3966,1373.1544,0.8311,0.003,0.5232,0.0119,0.7787,0.0058,0.7486,0.0087,0.7787,0.0058,25,uniform,minkowski_p_5,inverse_distance
0.8229,0.8153,0.8187,0.8279,0.8362,0.8266,0.8209,0.8213,0.8267,0.8108,90.056,64.9768,89.9704,58.408,83.9868,85.3719,85.7472,93.8505,72.736,390.0886,111.5192,93.5068,0.8227,0.0068,0.5002,0.0221,0.7705,0.0159,0.7389,0.0239,0.7705,0.0159,50,uniform,minkowski_p_1,inverse_distance
0.8321,0.8319,0.8289,0.8336,0.836,0.8295,0.8251,0.8319,0.8298,0.8239,1867.7175,2054.8278,6592.6269,5532.8333,300.062,264.9595,297.098,295.8659,296.1785,308.2097,1781.0379,2249.0767,0.8303,0.0035,0.5213,0.0134,0.7777,0.0073,0.7481,0.0115,0.7777,0.0073,50,uniform,minkowski_p_3,inverse_distance
0.8323,0.8341,0.8316,0.8372,0.8349,0.8302,0.8245,0.8326,0.8309,0.8253,3096.7769,264.3831,188.5521,829.4759,197.7752,476.3186,216.1549,4291.7847,375.7146,346.1228,1028.3059,1371.2211,0.8313,0.0038,0.5251,0.0136,0.7786,0.0065,0.7502,0.0095,0.7786,0.0065,50,uniform,minkowski_p_5,inverse_distance
0.7909,0.7978,0.782,0.7799,0.7909,0.7885,0.7879,0.789,0.7936,0.7837,95.5508,72.0064,92.3359,63.1684,89.69,98.2785,89.0028,98.0797,72.4162,91.6667,86.2195,11.764,0.7884,0.0051,0.4265,0.0122,0.7157,0.0066,0.711,0.0061,0.7157,0.0066,1,uniform,minkowski_p_1,shepards
0.7904,0.7976,0.7848,0.7784,0.7867,0.7871,0.7841,0.7857,0.7929,0.7844,253.5557,296.7916,292.1186,294.1876,301.3538,265.1455,294.4963,292.4186,297.6224,310.1989,289.7889,16.2318,0.7872,0.005,0.4262,0.0124,0.7143,0.0064,0.712,0.0064,0.7143,0.0064,1,uniform,minkowski_p_3,shepards
0.7913,0.8,0.7837,0.7799,0.788,0.7876,0.7839,0.7863,0.7943,0.7809,3101.833,273.5174,189.8614,843.0039,202.1345,484.0422,215.3043,4305.3705,388.2018,356.5378,1035.9807,1372.8026,0.7876,0.0059,0.4274,0.0142,0.7149,0.0076,0.7126,0.007,0.7149,0.0076,1,uniform,minkowski_p_5,shepards
0.7721,0.7656,0.7512,0.7833,0.7933,0.7964,0.7797,0.7828,0.7956,0.7678,93.4993,72.9101,94.5001,65.0334,90.7429,93.8464,98.3236,102.0293,77.3366,93.2647,88.1486,11.4629,0.7788,0.0139,0.3937,0.0302,0.7109,0.0131,0.695,0.0349,0.7109,0.0131,3,uniform,minkowski_p_1,shepards
0.8156,0.8073,0.7981,0.8153,0.8158,0.8119,0.8078,0.81,0.8148,0.8068,260.2693,296.4566,292.5179,294.2419,300.8471,264.9348,295.6932,295.9439,297.2992,303.8111,290.2015,14.1676,0.8104,0.0053,0.4788,0.0142,0.7464,0.0073,0.7338,0.0099,0.7464,0.0073,3,uniform,minkowski_p_3,shepards
0.8145,0.8195,0.8057,0.8166,0.8147,0.8108,0.809,0.8089,0.8121,0.8146,3102.9224,263.9843,189.3012,837.6432,199.8263,480.7005,216.6591,4300.2549,387.6516,354.9355,1033.3879,1372.6901,0.8126,0.0039,0.4821,0.0134,0.7494,0.0056,0.734,0.0081,0.7494,0.0056,3,uniform,minkowski_p_5,shepards
0.7476,0.753,0.7219,0.7866,0.7851,0.7819,0.7629,0.7726,0.789,0.7491,93.843,70.8874,94.2045,64.7101,90.2364,92.1274,88.1819,99.364,74.3872,93.6756,86.1617,11.1482,0.765,0.0208,0.3602,0.0353,0.6984,0.017,0.681,0.0426,0.6984,0.017,5,uniform,minkowski_p_1,shepards
0.8149,0.8195,0.8074,0.8221,0.8224,0.8179,0.8156,0.8157,0.8192,0.8051,251.2814,295.6072,292.5801,293.3686,297.9199,263.5617,292.6888,293.1132,296.1221,305.7571,288.2,16.0642,0.816,0.0055,0.4902,0.0159,0.7559,0.0089,0.7376,0.0149,0.7559,0.0089,5,uniform,minkowski_p_3,shepards
0.818,0.8241,0.8168,0.8252,0.8211,0.8187,0.8189,0.818,0.8227,0.8155,3098.9881,264.8352,188.0641,838.8829,203.3367,483.3868,216.884,4301.8134,384.9824,352.3984,1033.3572,1372.3967,0.8199,0.0031,0.4978,0.0106,0.7605,0.0052,0.7394,0.0067,0.7605,0.0052,5,uniform,minkowski_p_5,shepards
0.7337,0.7327,0.7004,0.7777,0.774,0.7735,0.7504,0.7618,0.7898,0.7382,89.7801,70.0941,98.0739,62.6424,93.851,93.1656,90.028,100.8774,75.4771,93.3933,86.7383,12.1208,0.7532,0.0259,0.3344,0.0393,0.6865,0.0198,0.6705,0.0464,0.6865,0.0198,7,uniform,minkowski_p_1,shepards
0.8191,0.8246,0.8134,0.8274,0.8302,0.8266,0.8174,0.8215,0.8243,0.8137,247.2633,294.8108,285.4017,291.6384,297.1846,264.0202,294.9943,285.3248,288.3327,307.6795,285.665,16.6559,0.8218,0.0055,0.503,0.0166,0.7654,0.0103,0.7424,0.0169,0.7654,0.0103,7,uniform,minkowski_p_3,shepards
0.6951,0.6907,0.6459,0.7643,0.7602,0.7672,0.7278,0.7366,0.781,0.6987,89.2628,77.4391,94.52,64.1701,88.6458,85.5539,82.5683,99.195,74.6832,93.0867,84.9125,9.963,0.7267,0.041,0.2818,0.0358,0.6609,0.0243,0.6476,0.0444,0.6609,0.0243,15,uniform,minkowski_p_1,shepards
0.8255,0.8255,0.8274,0.8312,0.8342,0.8315,0.8289,0.8215,0.8245,0.819,246.7399,293.6227,288.7688,288.349,297.173,264.9697,285.2599,291.2796,289.2414,304.386,284.979,15.9572,0.8269,0.0044,0.5141,0.0201,0.7731,0.0092,0.7462,0.0181,0.7731,0.0092,15,uniform,minkowski_p_3,shepards
0.8301,0.8263,0.834,0.8319,0.8318,0.8293,0.8296,0.8266,0.8305,0.8202,3095.7768,262.8862,179.5365,829.1761,191.4373,471.298,206.262,4291.5879,375.6036,344.3405,1024.7905,1372.9327,0.829,0.0037,0.5214,0.0135,0.7746,0.0066,0.75,0.0103,0.7746,0.0066,15,uniform,minkowski_p_5,shepards
0.6744,0.6681,0.6158,0.7572,0.7558,0.7606,0.7101,0.7328,0.7764,0.6743,88.9694,66.4791,87.1653,55.981,85.8716,88.4884,82.1166,93.7075,71.1754,91.2248,81.1179,11.755,0.7125,0.0499,0.2574,0.0306,0.6488,0.0245,0.6368,0.0416,0.6488,0.0245,25,uniform,minkowski_p_1,shepards
0.8295,0.8232,0.8238,0.8308,0.8338,0.8295,0.8273,0.8242,0.8329,0.8166,247.4214,290.991,282.3212,285.0537,290.0959,255.3214,284.8887,285.3088,287.4008,297.5621,280.6365,15.2816,0.8272,0.005,0.5129,0.0154,0.7745,0.0114,0.7445,0.0163,0.7745,0.0114,25,uniform,minkowski_p_3,shepards
0.8299,0.8314,0.8338,0.8319,0.8322,0.8328,0.826,0.8281,0.8331,0.8242,3095.0956,258.2541,179.0635,831.8728,197.7996,471.5382,207.0219,4292.7859,380.8129,354.8207,1026.9065,1372.1616,0.8303,0.0031,0.5205,0.012,0.7779,0.0065,0.7472,0.0101,0.7779,0.0065,25,uniform,minkowski_p_5,shepards
0.6466,0.6401,0.5708,0.7503,0.7513,0.7558,0.6992,0.7264,0.7715,0.6437,100.5398,72.7793,96.2055,64.7227,92.7643,99.4292,132.0052,1910.0894,96.7159,95.3738,276.0625,544.936,0.6956,0.0634,0.2285,0.0265,0.635,0.0257,0.6227,0.0358,0.635,0.0257,50,uniform,minkowski_p_1,shepards
0.8281,0.8281,0.8199,0.831,0.8338,0.8288,0.8249,0.8257,0.8227,0.8184,251.109,288.9333,286.6721,294.2343,291.6364,263.3261,293.2855,295.5799,297.3797,305.9731,286.813,15.8328,0.8261,0.0046,0.5104,0.0197,0.7729,0.0099,0.7437,0.0193,0.7729,0.0099,50,uniform,minkowski_p_3,shepards
0.8317,0.8338,0.83,0.8363,0.8344,0.8297,0.8229,0.8321,0.8302,0.8246,3097.706,258.9669,181.8689,831.5704,198.3481,474.3286,209.7182,4294.5828,378.2316,1263.6776,1118.8999,1354.9817,0.8306,0.004,0.5225,0.0143,0.7779,0.0073,0.7488,0.0108,0.7779,0.0073,50,uniform,minkowski_p_5,shepards
0.8418,0.831,0.8323,0.8294,0.8322,0.8275,0.826,0.8292,0.8294,0.8346,32.1708,32.3931,34.8773,33.6765,33.4142,33.6098,33.637,33.5328,33.61,33.5733,33.4495,0.7037,0.8313,0.0042,0.4989,0.013,0.7896,0.0068,0.7252,0.0066,0.7896,0.0068,25,uniform,euclidean-hamming,majority
0.835,0.8308,0.8312,0.8266,0.834,0.8337,0.8307,0.8337,0.8313,0.8308,31.5855,32.2512,34.1829,33.829,32.8971,33.2472,33.5808,33.0095,34.1517,33.8275,33.2562,0.8007,0.8318,0.0023,0.4799,0.0057,0.8046,0.0061,0.7082,0.0031,0.8046,0.0061,50,uniform,euclidean-hamming,majority
0.8339,0.8285,0.8325,0.8248,0.8307,0.8249,0.8265,0.8295,0.8243,0.8282,30.4724,32.3818,33.979,33.6413,32.7978,32.7024,32.8943,32.6161,33.8348,32.9801,32.83,0.94,0.8284,0.0031,0.4898,0.0217,0.7855,0.0074,0.7215,0.0158,0.7855,0.0074,25,uniform,euclidean-hamming,inverse_distance
0.8319,0.827,0.8303,0.8204,0.8329,0.8238,0.8258,0.8315,0.8289,0.8313,30.6994,32.3212,33.9886,33.6981,32.603,32.7377,32.6547,32.8689,33.474,33.5395,32.8585,0.8886,0.8284,0.0038,0.4748,0.0244,0.795,0.0101,0.7087,0.0166,0.795,0.0101,50,uniform,euclidean-hamming,inverse_distance
0.8414,0.8297,0.8325,0.8257,0.8324,0.8271,0.8251,0.8288,0.828,0.8344,30.6295,32.5769,33.8676,33.5616,32.6524,32.9452,33.7898,32.795,33.3366,33.3283,32.9483,0.886,0.8305,0.0046,0.496,0.0156,0.7884,0.0071,0.7237,0.0084,0.7884,0.0071,25,uniform,euclidean-hamming,shepards
0.8348,0.8323,0.834,0.8261,0.8333,0.8315,0.8289,0.8328,0.8318,0.8313,30.7083,32.2608,33.9223,33.5071,32.4606,32.7094,32.7603,32.6432,33.4813,33.292,32.7745,0.8529,0.8317,0.0024,0.4836,0.009,0.8013,0.0066,0.7115,0.0057,0.8013,0.0066,50,uniform,euclidean-hamming,shepards
0.8308,0.8283,0.8376,0.8365,0.8376,0.8328,0.8305,0.8303,0.8369,0.8313,57.4978,44.0506,84.0054,45.8409,79.4366,79.9265,76.7381,84.882,67.5319,80.0796,69.9989,14.7365,0.8332,0.0033,0.5273,0.0112,0.7822,0.006,0.7495,0.0057,0.7822,0.006,25,uniform,euclidean,majority
0.8297,0.8312,0.8338,0.838,0.8371,0.8326,0.8249,0.8326,0.8329,0.8262,29.1881,15.6434,29.2711,17.7098,22.6391,31.055,32.6015,29.8352,32.6454,32.5757,27.3164,6.0171,0.8319,0.004,0.5211,0.0132,0.781,0.0067,0.7454,0.0071,0.781,0.0067,50,uniform,euclidean,majority
0.8299,0.8272,0.8278,0.831,0.8362,0.8306,0.83,0.8275,0.8325,0.8224,29.4923,16.1244,29.7902,16.8864,21.9891,30.8006,32.1102,30.0428,32.4327,32.2174,27.1886,6.0487,0.8295,0.0035,0.518,0.0134,0.7776,0.0091,0.7461,0.0138,0.7776,0.0091,25,uniform,euclidean,inverse_distance
0.8301,0.8292,0.8285,0.8354,0.8353,0.8295,0.8236,0.8297,0.8245,0.8224,29.5977,16.7998,29.759,17.0445,21.935,30.8784,32.0596,30.1182,32.4611,32.239,27.2892,5.9158,0.8288,0.0042,0.5164,0.019,0.7764,0.0089,0.7457,0.0165,0.7764,0.0089,50,uniform,euclidean,inverse_distance
0.818,0.8069,0.8039,0.8217,0.8296,0.8271,0.8176,0.812,0.8274,0.7997,29.6647,16.5545,29.6135,16.7291,21.6107,30.7198,31.9913,29.9337,32.4024,32.0152,27.1235,5.9927,0.8164,0.0099,0.4858,0.0245,0.7636,0.0192,0.7341,0.0291,0.7636,0.0192,25,uniform,euclidean,shepards
0.8147,0.8042,0.8041,0.8208,0.8327,0.8229,0.8132,0.8107,0.8238,0.7986,29.7578,16.4881,29.6749,16.8058,21.6474,30.5716,31.9441,29.8924,32.3394,32.0778,27.1199,5.9795,0.8146,0.01,0.4813,0.0269,0.7611,0.0196,0.7324,0.0306,0.7611,0.0196,50,uniform,euclidean,shepards